1,AW00011000,Jon Yang,54,50 and above,VIP,2013-05-03,147,3,8249,8,8,2749,294
2,AW00011001,Eugene Huang,49,40-49,VIP,2013-12-10,140,3,6384,11,10,2128,182
3,AW00011002,Ruben Torres,54,50 and above,VIP,2013-02-23,150,3,8114,4,4,2704,324
4,AW00011003,Christy Zhu,52,50 and above,VIP,2013-05-10,147,3,8139,9,9,2713,280
5,AW00011004,Elizabeth Johnson,46,40-49,VIP,2013-05-01,147,3,8196,6,6,2732,292
6,AW00011005,Julio Ruiz,49,40-49,VIP,2013-05-02,147,3,8121,6,6,2707,280
7,AW00011006,Janet Alvarez,49,40-49,VIP,2013-05-14,147,3,8119,5,5,2706,289
8,AW00011007,Marco Mehta,56,50 and above,VIP,2013-03-19,149,3,8211,8,8,2737,315
9,AW00011008,Rob Verhoff,50,50 and above,VIP,2013-03-02,149,3,8106,7,7,2702,311
10,AW00011009,Shannon Carlson,56,50 and above,VIP,2013-05-09,147,3,8091,5,5,2697,288
11,AW00011010,Jacquelyn Suarez,56,50 and above,VIP,2013-05-23,147,3,8088,4,4,2696,288
12,AW00011011,Curtis Lu,56,50 and above,VIP,2013-03-19,149,3,8133,4,4,2711,301
13,AW00011012,Lauren Walker,46,40-49,New,2013-10-15,142,2,81,5,5,40,11
14,AW00011013,Ian Jenkins,46,40-49,New,2014-01-21,139,2,114,5,5,57,12
15,AW00011014,Sydney Bennett,52,50 and above,New,2013-04-30,148,2,138,6,5,69,138
16,AW00011015,Chloe Young,41,40-49,New,2013-01-18,151,1,2501,3,3,2501,2501
17,AW00011016,Wyatt Hill,41,40-49,New,2013-02-09,150,1,2332,3,3,2332,2332
18,AW00011017,Shannon Wang,76,50 and above,VIP,2013-10-14,142,3,6434,4,4,2144,194
19,AW00011018,Clarence Rai,70,50 and above,VIP,2013-10-24,142,3,6533,7,7,2177,197
20,AW00011019,Luke Lal,42,40-49,New,2014-01-12,139,17,880,33,20,51,80
21,AW00011020,Jordan King,41,40-49,New,2012-12-29,152,1,2317,2,2,2317,2317
22,AW00011021,Destiny Wilson,41,40-49,New,2013-01-23,151,1,2372,3,3,2372,2372
23,AW00011022,Ethan Zhang,41,40-49,New,2013-01-20,151,1,2322,2,2,2322,2322
24,AW00011023,Seth Edwards,41,40-49,New,2014-01-14,139,2,122,6,6,61,11
25,AW00011024,Russell Xie,41,40-49,New,2013-07-26,145,2,56,6,5,28,56
26,AW00011025,Alejandro Beck,74,50 and above,VIP,2013-10-25,142,3,6577,6,6,2192,199
27,AW00011026,Harold Sai,74,50 and above,VIP,2013-10-15,142,3,6575,7,7,2191,199
28,AW00011027,Jessie Zhao,73,50 and above,VIP,2013-10-24,142,3,6591,9,9,2197,199
29,AW00011028,Jill Jimenez,74,50 and above,VIP,2013-10-07,142,3,6474,5,5,2158,196
30,AW00011029,Jimmy Moreno,73,50 and above,VIP,2013-11-11,141,3,6565,7,7,2188,193
31,AW00011030,Bethany Yuan,67,50 and above,VIP,2013-11-09,141,3,6471,4,4,2157,196
32,AW00011031,Theresa Ramos,72,50 and above,VIP,2013-11-13,141,3,6478,6,6,2159,196
33,AW00011032,Denise Stone,73,50 and above,VIP,2013-11-08,141,3,6525,10,10,2175,197
34,AW00011033,Jaime Nath,67,50 and above,VIP,2013-11-05,141,3,6495,7,7,2165,196
35,AW00011034,Ebony Gonzalez,73,50 and above,VIP,2013-11-10,141,3,6491,4,4,2163,196
36,AW00011035,Wendy Dominguez,72,50 and above,VIP,2013-11-15,141,3,6451,5,5,2150,195
37,AW00011036,Jennifer Russell,41,40-49,New,2013-01-22,151,1,2355,2,2,2355,2355
38,AW00011037,Chloe Garcia,42,40-49,New,2013-01-20,151,1,2374,7,7,2374,2374
39,AW00011038,Diana Hernandez,72,50 and above,VIP,2013-11-12,141,3,6437,3,3,2145,195
40,AW00011039,Marc Martin,71,50 and above,VIP,2013-11-11,141,3,6636,9,8,2212,201
41,AW00011040,Jesse Murphy,42,40-49,New,2013-04-03,148,1,2351,3,3,2351,2351
42,AW00011041,Amanda Carter,42,40-49,New,2013-01-14,151,1,2381,3,3,2381,2381
43,AW00011042,Megan Sanchez,43,40-49,New,2013-10-17,142,2,3112,3,3,1556,345
44,AW00011043,Nathan Simmons,44,40-49,New,2013-08-18,144,2,48,3,3,24,16
45,AW00011044,Adam Flores,71,50 and above,VIP,2013-11-08,141,3,6515,7,7,2171,197
46,AW00011045,Leonard Nara,70,50 and above,New,2013-10-29,142,2,115,4,4,57,19
47,AW00011046,Christine Yuan,70,50 and above,VIP,2013-11-12,141,3,6616,6,6,2205,200
48,AW00011047,Jaclyn Lu,70,50 and above,VIP,2013-11-19,141,3,6582,4,4,2194,199
49,AW00011048,Jeremy Powell,69,50 and above,VIP,2013-12-25,140,3,6498,8,8,2166,191
50,AW00011049,Carol Rai,39,30-39,New,2013-10-29,142,2,81,5,5,40,11
51,AW00011050,Alan Zheng,68,50 and above,VIP,2013-11-19,141,3,5007,6,6,1669,151
52,AW00011051,Daniel Johnson,68,50 and above,New,2014-01-01,139,2,124,5,5,62,124
53,AW00011052,Heidi Lopez,68,50 and above,VIP,2013-05-27,147,3,8131,7,7,2710,301
54,AW00011053,Ana Price,39,30-39,New,2013-01-17,151,1,2330,2,2,2330,2330
55,AW00011054,Deanna Munoz,68,50 and above,VIP,2013-05-30,147,3,8223,6,6,2741,304
56,AW00011055,Gilbert Raje,68,50 and above,VIP,2013-06-07,146,3,8168,8,8,2722,281
57,AW00011056,Michele Nath,67,50 and above,VIP,2013-05-31,147,3,8207,8,8,2735,303
58,AW00011057,Carl Andersen,55,50 and above,VIP,2013-05-21,147,3,8088,4,4,2696,299
59,AW00011058,Marc Diaz,60,50 and above,VIP,2013-06-04,146,3,8248,6,6,2749,305
60,AW00011059,Ashlee Andersen,66,50 and above,New,2013-03-16,149,3,117,7,6,39,117
61,AW00011060,Jon Zhou,66,50 and above,VIP,2013-06-25,146,3,8153,6,6,2717,301
62,AW00011061,Todd Gao,49,40-49,VIP,2013-06-14,146,3,8129,6,6,2709,301
63,AW00011062,Noah Powell,44,40-49,New,2013-01-07,151,1,2352,3,3,2352,2352
64,AW00011063,Angela Murphy,45,40-49,New,2013-01-12,151,1,2373,5,5,2373,2373
65,AW00011064,Chase Reed,44,40-49,New,2013-01-25,151,1,2305,2,2,2305,2305
66,AW00011065,Jessica Henderson,46,40-49,New,2014-01-10,139,2,202,5,4,101,18
67,AW00011066,Grace Butler,46,40-49,New,2013-09-19,143,2,81,5,5,40,20
68,AW00011067,Caleb Carter,43,40-49,New,2014-01-12,139,2,105,6,6,52,21
69,AW00011068,Tiffany Liang,59,50 and above,New,2013-10-08,142,3,113,9,8,37,18
70,AW00011069,Carolyn Navarro,59,50 and above,VIP,2013-06-04,146,3,8104,3,3,2701,311
71,AW00011070,Willie Raji,65,50 and above,VIP,2013-06-26,146,3,8165,10,9,2721,314
72,AW00011071,Linda Serrano,65,50 and above,New,2013-12-01,140,3,110,7,6,36,12
73,AW00011072,Casey Luo,65,50 and above,VIP,2013-06-15,146,3,8194,7,7,2731,303
74,AW00011073,Amy Ye,63,50 and above,New,2013-08-21,144,3,192,10,9,64,38
75,AW00011074,Levi Arun,63,50 and above,New,2013-05-27,147,3,94,7,7,31,47
76,AW00011075,Felicia Jimenez,62,50 and above,VIP,2013-06-24,146,3,8068,5,5,2689,310
77,AW00011076,Blake Anderson,62,50 and above,VIP,2013-06-21,146,3,8159,4,4,2719,313
78,AW00011077,Leah Ye,62,50 and above,VIP,2013-06-12,146,3,8169,5,5,2723,314
79,AW00011078,Gina Martin,40,40-49,New,2014-01-28,139,17,912,31,23,53,82
80,AW00011079,Donald Gonzalez,55,50 and above,New,2014-01-01,139,3,58,5,5,19,5
81,AW00011080,Damien Chander,60,50 and above,VIP,2013-06-23,146,3,8204,7,7,2734,315
82,AW00011081,Savannah Baker,53,50 and above,New,2013-04-13,148,2,104,5,5,52,52
83,AW00011082,Angela Butler,53,50 and above,New,2013-11-06,141,2,3110,6,6,1555,311
84,AW00011083,Alyssa Cox,48,40-49,New,2013-11-08,141,2,3137,5,5,1568,313
85,AW00011084,Lucas Phillips,62,50 and above,New,2013-11-21,141,2,3078,5,5,1539,307
86,AW00011085,Emily Johnson,62,50 and above,New,2014-01-08,139,2,129,5,5,64,129
87,AW00011086,Ryan Brown,62,50 and above,New,2013-12-21,140,2,153,6,6,76,30
88,AW00011087,Tamara Liang,62,50 and above,New,2013-08-09,144,2,200,4,4,100,33
89,AW00011088,Hunter Davis,62,50 and above,New,2013-11-12,141,2,3176,7,7,1588,317
90,AW00011089,Abigail Price,63,50 and above,New,2013-11-18,141,2,3188,7,7,1594,289
91,AW00011090,Trevor Bryant,57,50 and above,VIP,2013-11-21,141,3,6703,6,6,2234,248
92,AW00011091,Dalton Perez,63,50 and above,Regular,2014-01-08,139,28,1186,59,25,42,98
93,AW00011092,Cheryl Diaz,53,50 and above,VIP,2013-06-21,146,3,8110,5,5,2703,311
94,AW00011093,Aimee He,47,40-49,VIP,2013-06-08,146,3,8180,7,7,2726,314
95,AW00011094,Cedric Ma,58,50 and above,New,2014-01-11,139,3,236,8,8,78,26
96,AW00011095,Chad Kumar,57,50 and above,VIP,2013-06-25,146,3,8158,7,7,2719,313
97,AW00011096,Andr├®s Anand,57,50 and above,VIP,2013-07-30,145,3,8063,4,4,2687,298
98,AW00011097,Edwin Nara,53,50 and above,VIP,2013-07-24,145,3,8099,5,5,2699,299
99,AW00011098,Mallory Rubio,59,50 and above,New,2013-10-16,142,3,89,4,4,29,11
100,AW00011099,Adam Ross,59,50 and above,VIP,2013-07-01,145,3,8216,9,8,2738,304
101,AW00011100,Latasha Navarro,59,50 and above,VIP,2013-08-07,144,3,8172,7,7,2724,291
102,AW00011101,Abby Sai,55,50 and above,VIP,2013-06-29,146,3,8262,7,7,2754,317
103,AW00011102,Julia Nelson,55,50 and above,New,2013-12-09,140,3,103,5,5,34,20
104,AW00011103,Cassie Chande,44,40-49,VIP,2013-06-06,146,3,8182,8,8,2727,314
105,AW00011104,Edgar Sara,50,50 and above,VIP,2013-06-15,146,3,8173,6,6,2724,326
106,AW00011105,Candace Fernandez,55,50 and above,VIP,2013-06-05,146,3,8096,5,5,2698,323
107,AW00011106,Jessie Liu,55,50 and above,VIP,2013-06-15,146,3,8079,3,3,2693,323
108,AW00011107,Bianca Lin,49,40-49,VIP,2013-06-21,146,3,8171,6,6,2723,326
109,AW00011108,Kari Alvarez,56,50 and above,VIP,2013-06-23,146,3,8124,5,5,2708,324
110,AW00011109,Ruben Kapoor,45,40-49,VIP,2013-06-24,146,3,8245,8,8,2748,329
111,AW00011110,Curtis Yang,58,50 and above,VIP,2013-08-20,144,3,8093,5,5,2697,299
112,AW00011111,Meredith Gutierrez,58,50 and above,VIP,2013-08-22,144,3,8137,8,8,2712,301
113,AW00011112,Crystal Wang,57,50 and above,VIP,2013-09-02,143,3,8295,6,6,2765,296
114,AW00011113,Micheal Blanco,52,50 and above,New,2013-04-21,148,3,110,7,7,36,55
115,AW00011114,Leslie Moreno,58,50 and above,New,2013-12-26,140,3,123,7,6,41,13
116,AW00011115,Alvin Cai,58,50 and above,New,2014-01-02,139,3,114,6,6,38,10
117,AW00011116,Clinton Carlson,46,40-49,New,2013-10-16,142,3,149,7,7,49,21
118,AW00011117,April Deng,59,50 and above,VIP,2013-06-25,146,3,8185,8,8,2728,327
119,AW00011118,Alvin Zeng,63,50 and above,New,2014-01-26,139,3,124,8,6,41,20
120,AW00011119,Evan James,85,50 and above,New,2013-11-23,141,2,85,4,4,42,9
121,AW00011120,Beth Jim├®nez,83,50 and above,VIP,2013-09-19,143,3,8242,10,10,2747,294
122,AW00011121,Orlando Suarez,59,50 and above,New,2013-11-04,141,3,58,6,5,19,11
123,AW00011122,Byron Vazquez,60,50 and above,New,2013-08-22,144,3,43,3,3,14,7
124,AW00011123,Philip Alvarez,60,50 and above,New,2014-01-25,139,3,150,8,7,50,16
125,AW00011124,Ross Jordan,57,50 and above,VIP,2013-06-18,146,3,8129,6,6,2709,325
126,AW00011125,Dana Navarro,64,50 and above,New,2013-07-03,145,3,79,7,7,26,13
127,AW00011126,Shaun Carson,71,50 and above,Regular,2013-11-03,141,3,4971,8,7,1657,165
128,AW00011127,Jan Edwards,44,40-49,New,2013-10-01,142,2,44,3,3,22,7
129,AW00011128,Samantha Long,44,40-49,New,2013-08-12,144,2,144,7,7,72,72
130,AW00011129,Julia Wright,44,40-49,VIP,2013-01-09,151,2,5873,2,2,2936,345
131,AW00011130,Caroline Russell,40,40-49,New,2013-12-09,140,1,37,2,2,37,37
132,AW00011131,Amanda Rivera,40,40-49,New,2014-01-23,139,5,166,9,9,33,55
133,AW00011132,Melissa Richardson,39,30-39,New,2013-04-09,148,1,2372,6,6,2372,2372
134,AW00011133,Angela Griffin,39,30-39,New,2013-12-30,140,1,72,4,4,72,72
135,AW00011134,Larry Townsend,68,50 and above,Regular,2013-11-03,141,3,4911,3,3,1637,163
136,AW00011135,Marcus Harris,40,40-49,New,2013-04-18,148,1,2335,3,3,2335,2335
137,AW00011136,Brianna Morgan,41,40-49,New,2013-01-03,151,1,2381,3,3,2381,2381
138,AW00011137,Jasmine Taylor,41,40-49,New,2014-01-20,139,2,202,5,4,101,33
139,AW00011138,Lauren Davis,41,40-49,New,2013-12-31,140,2,79,4,4,39,26
140,AW00011139,Tanya Moreno,76,50 and above,New,2013-10-17,142,2,84,3,3,42,84
141,AW00011140,Javier Alvarez,43,40-49,New,2013-03-19,149,1,40,2,2,40,40
142,AW00011141,Nicole Ramirez,43,40-49,New,2013-09-28,143,2,114,5,5,57,28
143,AW00011142,Eduardo Patterson,42,40-49,New,2014-01-13,139,17,979,36,23,57,89
144,AW00011143,Jonathan Henderson,43,40-49,New,2013-12-19,140,2,48,5,4,24,8
145,AW00011144,Edward Hernandez,40,40-49,New,2013-01-25,151,1,2400,3,3,2400,2400
146,AW00011145,Jasmine Coleman,40,40-49,New,2013-01-25,151,1,2310,3,3,2310,2310
147,AW00011146,Karla Goel,80,50 and above,New,2013-09-15,143,3,113,7,6,37,16
148,AW00011147,Ernest Wu,81,50 and above,VIP,2013-10-16,142,3,8195,7,7,2731,282
149,AW00011148,Ross Vazquez,78,50 and above,New,2013-12-03,140,3,126,6,5,42,14
150,AW00011149,Theodore Gill,79,50 and above,New,2013-11-29,141,3,41,4,4,13,8
151,AW00011150,Russell Shen,79,50 and above,New,2013-07-15,145,3,192,8,7,64,48
152,AW00011151,Melinda Gill,78,50 and above,VIP,2013-10-20,142,3,8087,6,6,2695,278
153,AW00011152,James Williams,44,40-49,New,2013-01-09,151,1,2295,1,1,2295,2295
154,AW00011153,Angela James,44,40-49,New,2013-03-29,149,2,110,5,5,55,110
155,AW00011154,Megan Walker,43,40-49,New,2013-01-10,151,1,2320,1,1,2320,2320
156,AW00011155,Hunter Robinson,44,40-49,New,2013-01-06,151,1,2320,1,1,2320,2320
157,AW00011156,Maria Roberts,44,40-49,New,2013-01-08,151,1,2390,4,4,2390,2390
158,AW00011157,Hannah Long,45,40-49,New,2013-09-11,143,2,41,3,3,20,20
159,AW00011158,Jason Wright,44,40-49,New,2013-01-19,151,1,2396,3,3,2396,2396
160,AW00011159,Brianna Hughes,44,40-49,New,2013-11-07,141,2,48,5,4,24,24
161,AW00011160,Maurice Tang,46,40-49,New,2013-02-21,150,1,2322,2,2,2322,2322
162,AW00011161,Emily Wood,46,40-49,New,2013-11-11,141,2,94,6,6,47,18
163,AW00011162,Chase Cox,46,40-49,New,2013-02-18,150,1,2330,2,2,2330,2330
164,AW00011163,Gabriel Wang,45,40-49,New,2013-08-05,144,2,46,4,4,23,15
165,AW00011164,Devin Brooks,46,40-49,New,2013-08-05,144,2,145,6,6,72,36
166,AW00011165,Jocelyn Alexander,46,40-49,New,2013-06-05,146,2,103,3,3,51,103
167,AW00011166,Ashley Martinez,48,40-49,New,2013-12-06,140,2,88,5,5,44,44
168,AW00011167,Jasmine Barnes,47,40-49,New,2013-11-28,141,2,3126,4,4,1563,312
169,AW00011168,David Rodriguez,52,50 and above,New,2013-11-16,141,2,3136,7,7,1568,313
170,AW00011169,Bryce Richardson,52,50 and above,New,2013-09-24,143,2,81,5,5,40,20
171,AW00011170,Carol Howard,52,50 and above,New,2013-12-29,140,2,157,7,7,78,39
172,AW00011171,Jonathan Hill,47,40-49,VIP,2013-11-07,141,3,6716,8,8,2238,248
173,AW00011172,Gabrielle Adams,52,50 and above,New,2014-01-11,139,2,129,7,6,64,16
174,AW00011173,Sarah Thomas,52,50 and above,New,2013-12-24,140,2,103,3,3,51,11
175,AW00011174,Nicholas Robinson,52,50 and above,New,2013-07-25,145,2,48,5,4,24,48
176,AW00011175,Luis Wang,57,50 and above,VIP,2013-11-03,141,3,6710,8,8,2236,248
177,AW00011176,Mason Roberts,46,40-49,New,2014-01-27,139,28,1317,60,27,47,119
178,AW00011177,Jose Flores,77,50 and above,New,2013-10-14,142,2,135,6,6,67,19
179,AW00011178,Nathan Johnson,71,50 and above,New,2013-05-26,147,2,145,6,6,72,48
180,AW00011179,Molly Rodriguez,66,50 and above,New,2014-01-09,139,2,125,6,6,62,12
181,AW00011180,April Anand,77,50 and above,New,2013-09-25,143,2,138,6,6,69,23
182,AW00011181,Devin Martin,65,50 and above,New,2013-07-11,145,2,41,3,3,20,20
183,AW00011182,Stephanie Torres,75,50 and above,New,2014-01-05,139,2,81,5,5,40,16
184,AW00011183,Jasmine Lee,75,50 and above,New,2013-06-13,146,2,46,4,4,23,23
185,AW00011184,Meghan Hernandez,70,50 and above,New,2013-10-09,142,2,68,5,5,34,34
186,AW00011185,Ashley Henderson,75,50 and above,New,2014-01-26,139,27,1616,68,29,59,146
187,AW00011186,Sarah Price,76,50 and above,New,2014-01-07,139,2,41,3,3,20,13
188,AW00011187,Jennifer Cooper,76,50 and above,New,2013-08-06,144,2,108,4,4,54,27
189,AW00011188,Catherine Morris,75,50 and above,New,2014-01-21,139,2,81,5,5,40,40
190,AW00011189,Lawrence Blanco,75,50 and above,VIP,2013-02-05,150,2,5944,6,6,2972,330
191,AW00011190,Carson Bryant,76,50 and above,New,2014-01-16,139,2,46,4,4,23,9
192,AW00011191,Kristi Perez,74,50 and above,VIP,2013-11-06,141,3,6743,7,7,2247,249
193,AW00011192,James Brown,74,50 and above,New,2013-09-25,143,2,114,5,5,57,38
194,AW00011193,Ian Gray,75,50 and above,New,2013-08-18,144,2,41,3,3,20,6
195,AW00011194,Jacqueline Price,75,50 and above,New,2013-12-08,140,2,105,6,6,52,11
196,AW00011195,Megan Henderson,74,50 and above,New,2013-10-22,142,2,105,6,6,52,17
197,AW00011196,Alfredo Romero,74,50 and above,New,2013-09-24,143,2,162,4,4,81,27
198,AW00011197,Andrea Morris,74,50 and above,New,2013-07-20,145,2,207,6,5,103,103
199,AW00011198,Brooke Sanders,73,50 and above,New,2013-02-13,150,2,98,4,4,49,98
200,AW00011199,Jacqueline Bennett,68,50 and above,New,2013-10-17,142,2,132,6,6,66,18
201,AW00011200,Jason Griffin,72,50 and above,New,2014-01-20,139,27,1461,55,26,54,132
202,AW00011201,Amanda Foster,72,50 and above,New,2013-09-09,143,2,181,6,6,90,90
203,AW00011202,Alexia Price,67,50 and above,New,2013-09-21,143,2,74,3,3,37,74
204,AW00011203,Luis Diaz,66,50 and above,New,2013-12-11,140,17,800,32,19,47,80
205,AW00011204,Destiny Rivera,72,50 and above,New,2013-11-10,141,2,77,4,4,38,25
206,AW00011205,Abby Fernandez,71,50 and above,New,2013-10-08,142,2,37,2,2,18,12
207,AW00011206,Blake Flores,71,50 and above,New,2013-05-30,147,2,77,4,4,38,77
208,AW00011207,Danielle Cox,71,50 and above,New,2013-10-18,142,2,77,4,4,38,8
209,AW00011208,Maria Reed,72,50 and above,New,2013-09-17,143,2,134,7,7,67,22
210,AW00011209,Allison Evans,72,50 and above,New,2014-01-22,139,2,37,2,2,18,3
211,AW00011210,Edward Wood,72,50 and above,New,2013-09-06,143,2,70,5,5,35,17
212,AW00011211,Samantha Russell,65,50 and above,New,2014-01-07,139,17,792,33,22,46,72
213,AW00011212,Chloe Campbell,70,50 and above,Regular,2014-01-17,139,17,824,33,20,48,68
214,AW00011213,Stephanie Murphy,71,50 and above,New,2013-09-09,143,2,77,4,4,38,12
215,AW00011214,Charles Miller,70,50 and above,New,2013-11-19,141,2,162,4,4,81,54
216,AW00011215,Ana Perry,64,50 and above,New,2013-12-15,140,17,1154,32,21,67,115
217,AW00011216,Jasmine Torres,70,50 and above,VIP,2013-02-05,150,2,5948,5,5,2974,330
218,AW00011217,Natalie Adams,70,50 and above,VIP,2013-02-14,150,2,5953,3,3,2976,330
219,AW00011218,Olivia Brown,64,50 and above,New,2014-01-04,139,2,39,3,2,19,3
220,AW00011219,Charles Cook,69,50 and above,New,2014-01-24,139,2,39,3,2,19,13
221,AW00011220,Erica Huang,64,50 and above,New,2013-12-13,140,2,50,4,4,25,5
222,AW00011221,Nathan Perry,70,50 and above,New,2013-10-17,142,2,46,4,4,23,7
223,AW00011222,Alexandra Rivera,69,50 and above,New,2013-11-28,141,2,208,6,6,104,208
224,AW00011223,Hailey Patterson,68,50 and above,Regular,2014-01-06,139,27,1293,65,26,47,107
225,AW00011224,Tiffany Li,68,50 and above,VIP,2013-12-03,140,3,6685,5,5,2228,238
226,AW00011225,Madison Lee,63,50 and above,New,2013-09-06,143,2,73,5,5,36,24
227,AW00011226,Sydney Ross,63,50 and above,New,2013-03-31,149,2,37,2,2,18,37
228,AW00011227,Marshall Chavez,63,50 and above,VIP,2013-02-10,150,2,5910,5,5,2955,328
229,AW00011228,Ashley Jones,69,50 and above,New,2014-01-17,139,2,77,4,4,38,25
230,AW00011229,Adrian Stewart,68,50 and above,New,2014-01-25,139,2,81,5,5,40,13
231,AW00011230,Amber Turner,69,50 and above,New,2013-12-09,140,2,54,5,5,27,10
232,AW00011231,Dennis Zhang,62,50 and above,New,2013-11-12,141,2,64,4,4,32,7
233,AW00011232,Hailey Bryant,67,50 and above,New,2013-11-13,141,2,39,3,2,19,19
234,AW00011233,Todd Li,62,50 and above,New,2013-06-08,146,2,179,7,7,89,44
235,AW00011234,Anna Griffin,67,50 and above,New,2013-09-19,143,2,76,4,4,38,10
236,AW00011235,Angel Stewart,68,50 and above,New,2014-01-05,139,2,138,6,5,69,23
237,AW00011236,Jeremy Butler,68,50 and above,New,2014-01-06,139,2,114,5,5,57,38
238,AW00011237,Clarence Anand,61,50 and above,VIP,2013-11-25,141,4,10566,6,6,2641,406
239,AW00011238,Mayra Prasad,61,50 and above,VIP,2013-04-30,148,4,7543,9,9,1885,279
240,AW00011239,Latoya Goel,56,50 and above,VIP,2013-05-28,147,4,7511,11,11,1877,268
241,AW00011240,Anne Hernandez,61,50 and above,VIP,2013-05-13,147,4,7586,13,10,1896,280
242,AW00011241,Lisa Cai,51,50 and above,VIP,2013-10-29,142,7,11468,25,20,1638,882
243,AW00011242,Larry Munoz,62,50 and above,VIP,2013-12-04,140,7,11067,12,12,1581,737
244,AW00011243,Robin Alvarez,62,50 and above,VIP,2013-06-09,146,4,7164,12,10,1791,255
245,AW00011244,Alexis Coleman,57,50 and above,VIP,2013-07-19,145,4,7175,12,11,1793,247
246,AW00011245,Ricky Vazquez,63,50 and above,VIP,2013-12-11,140,4,10580,9,9,2645,391
247,AW00011246,Latasha Rubio,63,50 and above,VIP,2013-12-20,140,4,10575,7,7,2643,406
248,AW00011247,Claudia Zhou,64,50 and above,VIP,2013-08-17,144,4,7131,12,11,1782,237
249,AW00011248,Tristan Alexander,59,50 and above,New,2013-07-14,145,1,38,3,3,38,38
250,AW00011249,Cindy Patel,59,50 and above,VIP,2013-09-15,143,4,9890,11,11,2472,430
251,AW00011250,Shannon Liu,59,50 and above,VIP,2013-08-06,144,4,7115,11,10,1778,245
252,AW00011251,Xavier Long,87,50 and above,New,2013-10-18,142,1,2319,4,4,2319,2319
253,AW00011252,Nicholas Thompson,88,50 and above,VIP,2013-12-18,140,3,6685,7,7,2228,238
254,AW00011253,Jos├® Hernandez,76,50 and above,New,2013-12-03,140,16,695,30,16,43,77
255,AW00011254,Johnathan Vance,87,50 and above,New,2013-12-14,140,2,204,9,9,102,204
256,AW00011255,Colin Lin,87,50 and above,New,2013-03-31,149,2,114,5,5,57,114
257,AW00011256,Katelyn Hernandez,86,50 and above,New,2013-10-16,142,2,81,5,5,40,13
258,AW00011257,Jacqueline Powell,NULL,50 and above,VIP,2013-12-14,140,3,6676,6,6,2225,238
259,AW00011258,Xavier Hill,87,50 and above,New,2013-07-15,145,2,49,4,4,24,24
260,AW00011259,Victoria Stewart,55,50 and above,VIP,2013-12-20,140,3,6770,5,5,2256,250
261,AW00011260,Katelyn Kelly,49,40-49,New,2013-06-23,146,2,81,5,5,40,20
262,AW00011261,Stephanie Collins,55,50 and above,VIP,2013-12-23,140,3,6650,4,4,2216,246
263,AW00011262,Jennifer Simmons,50,50 and above,New,2014-01-22,139,27,1124,63,26,41,102
264,AW00011263,Trinity Richardson,55,50 and above,VIP,2013-12-10,140,3,6753,9,9,2251,241
265,AW00011264,Eduardo Martin,56,50 and above,New,2013-11-30,141,2,3182,8,8,1591,318
266,AW00011265,Elizabeth Jones,55,50 and above,New,2013-01-03,151,1,2352,3,3,2352,2352
267,AW00011266,Taylor Howard,56,50 and above,VIP,2013-01-20,151,2,5922,5,5,2961,370
268,AW00011267,David Diaz,50,50 and above,VIP,2013-01-07,151,2,5943,5,5,2971,371
269,AW00011268,Katelyn Carter,56,50 and above,New,2013-11-16,141,2,98,5,5,49,16
270,AW00011269,Ryan Foster,50,50 and above,New,2013-09-10,143,2,42,3,3,21,42
271,AW00011270,Robert Lee,50,50 and above,VIP,2013-01-07,151,2,5984,5,5,2992,374
272,AW00011271,Danielle Reed,56,50 and above,VIP,2013-01-22,151,2,5973,5,5,2986,373
273,AW00011272,Lauren Martinez,63,50 and above,VIP,2013-01-13,151,2,5975,4,4,2987,373
274,AW00011273,Nathan Lal,63,50 and above,New,2013-05-23,147,2,273,8,8,136,273
275,AW00011274,Kyle Foster,86,50 and above,VIP,2013-02-24,150,2,5888,4,4,2944,327
276,AW00011275,Jenny Rai,86,50 and above,VIP,2013-01-12,151,2,5955,4,4,2977,350
277,AW00011276,Nancy Chapman,51,50 and above,Regular,2014-01-22,139,27,987,57,22,36,82
278,AW00011277,Charles Jackson,57,50 and above,New,2014-01-16,139,27,1434,65,26,53,130
279,AW00011278,Jonathan Phillips,56,50 and above,VIP,2013-01-03,151,2,5908,3,3,2954,369
280,AW00011279,Amanda Cook,51,50 and above,New,2013-06-22,146,2,44,4,3,22,14
281,AW00011280,Robert Collins,56,50 and above,New,2013-08-08,144,2,77,4,4,38,77
282,AW00011281,Megan Barnes,51,50 and above,VIP,2013-01-11,151,2,5921,5,5,2960,370
283,AW00011282,Christian Thomas,58,50 and above,VIP,2013-01-02,151,2,5999,6,6,2999,352
284,AW00011283,Arturo Lal,57,50 and above,New,2013-08-28,144,2,44,4,3,22,14
285,AW00011284,Theresa Serrano,58,50 and above,New,2013-05-02,147,2,55,5,3,27,18
286,AW00011285,Jeremy Anderson,52,50 and above,New,2013-10-26,142,2,128,5,5,64,42
287,AW00011286,Hunter Griffin,58,50 and above,VIP,2013-01-20,151,2,5954,5,5,2977,372
288,AW00011287,Henry Garcia,59,50 and above,Regular,2014-01-28,139,27,1165,62,23,43,97
289,AW00011288,Cindy Sanchez,47,40-49,New,2013-08-21,144,2,77,4,4,38,15
290,AW00011289,Maria Carter,53,50 and above,VIP,2013-01-16,151,2,5905,5,5,2952,369
291,AW00011290,Katelyn Sanchez,53,50 and above,VIP,2013-01-27,151,2,5933,3,3,2966,370
292,AW00011291,Jenna Wright,53,50 and above,VIP,2013-01-19,151,2,5873,2,2,2936,367
293,AW00011292,Seth Phillips,58,50 and above,VIP,2012-12-31,152,2,5910,5,5,2955,394
294,AW00011293,Luke Long,65,50 and above,New,2013-03-15,149,2,85,5,5,42,85
295,AW00011294,Dalton Clark,64,50 and above,New,2014-01-03,139,2,42,3,3,21,10
296,AW00011295,Taylor Lewis,66,50 and above,VIP,2013-01-09,151,2,6058,5,5,3029,378
297,AW00011296,Haley Richardson,84,50 and above,VIP,2013-01-29,151,2,5897,4,4,2948,368
298,AW00011297,Noah Coleman,85,50 and above,VIP,2013-02-20,150,2,5948,5,5,2974,349
299,AW00011298,Jon Luo,85,50 and above,VIP,2013-02-21,150,2,5922,5,5,2961,348
300,AW00011299,Orlando Vazquez,84,50 and above,VIP,2013-02-24,150,2,6015,4,4,3007,353
301,AW00011300,Fernando Barnes,60,50 and above,New,2013-12-31,140,27,1499,67,28,55,136
302,AW00011301,Cameron Rodriguez,60,50 and above,New,2013-10-11,142,2,131,5,5,65,32
303,AW00011302,Spencer Russell,54,50 and above,VIP,2013-02-02,150,2,5938,5,5,2969,349
304,AW00011303,Julia Coleman,59,50 and above,VIP,2013-02-23,150,2,5875,3,3,2937,345
305,AW00011304,Julia Garcia,54,50 and above,New,2013-04-22,148,2,122,5,5,61,122
306,AW00011305,Sean Evans,60,50 and above,New,2013-08-04,144,2,77,4,4,38,15
307,AW00011306,Micah Zhou,60,50 and above,New,2013-09-07,143,2,42,3,3,21,14
308,AW00011307,Hunter Rodriguez,60,50 and above,VIP,2013-02-08,150,2,5964,5,5,2982,350
309,AW00011308,Ian Gonzales,66,50 and above,New,2014-01-15,139,2,94,4,4,47,23
310,AW00011309,Victoria Lewis,66,50 and above,New,2014-01-05,139,2,42,3,3,21,7
311,AW00011310,Erin Sanders,61,50 and above,New,2013-12-24,140,2,77,4,4,38,19
312,AW00011311,Gabrielle Lopez,66,50 and above,New,2013-09-13,143,2,77,4,4,38,15
313,AW00011312,Sara Richardson,67,50 and above,New,2013-06-02,146,2,42,3,3,21,42
314,AW00011313,Trevor Jenkins,67,50 and above,New,2013-11-26,141,2,44,4,3,22,7
315,AW00011314,Mya Flores,55,50 and above,New,2013-12-03,140,2,47,4,3,23,4
316,AW00011315,Hailey Ward,66,50 and above,New,2013-12-17,140,2,42,3,3,21,6
317,AW00011316,Luke Allen,66,50 and above,New,2013-01-12,151,1,2350,2,2,2350,2350
318,AW00011317,Victoria Russell,62,50 and above,VIP,2013-02-18,150,2,5873,2,2,2936,345
319,AW00011318,Jessica Wilson,67,50 and above,New,2013-11-08,141,2,44,4,3,22,44
320,AW00011319,Jade Bailey,77,50 and above,VIP,2013-02-24,150,2,5930,4,4,2965,348
321,AW00011320,Morgan Hill,83,50 and above,New,2013-08-19,144,2,72,5,5,36,36
322,AW00011321,Terrance Raman,81,50 and above,New,2013-05-28,147,2,37,2,2,18,12
323,AW00011322,Sydney Garcia,82,50 and above,New,2013-05-21,147,2,44,4,3,22,22
324,AW00011323,Jose Patterson,82,50 and above,VIP,2013-01-30,151,2,6074,6,6,3037,379
325,AW00011324,Zachary Anderson,81,50 and above,VIP,2013-02-05,150,2,5945,4,4,2972,349
326,AW00011325,Elijah Ross,81,50 and above,VIP,2013-01-31,151,2,6044,7,7,3022,377
327,AW00011326,Rafael Xie,81,50 and above,VIP,2013-02-20,150,2,5948,5,5,2974,349
328,AW00011327,Jaime Moreno,80,50 and above,VIP,2013-02-01,150,2,5915,5,5,2957,347
329,AW00011328,Julian Griffin,80,50 and above,New,2013-04-07,148,2,4718,4,4,2359,1572
330,AW00011329,Andy Alvarez,79,50 and above,VIP,2013-02-10,150,2,5898,2,2,2949,346
331,AW00011330,Ryan Thompson,80,50 and above,New,2014-01-22,139,27,1134,57,24,42,103
332,AW00011331,Samantha Jenkins,51,50 and above,New,2014-01-24,139,27,1327,58,24,49,120
333,AW00011332,Deanna Ramos,57,50 and above,VIP,2013-01-06,151,2,5755,3,3,2877,383
334,AW00011333,Emily Miller,57,50 and above,VIP,2013-07-14,145,3,8163,6,6,2721,291
335,AW00011334,Nicole Brown,59,50 and above,VIP,2013-07-27,145,3,8154,6,6,2718,291
336,AW00011335,Carla Raman,48,40-49,VIP,2013-01-04,151,2,5744,4,4,2872,382
337,AW00011336,Shaun Raji,52,50 and above,New,2013-01-05,151,2,4441,5,5,2220,1110
338,AW00011337,Jerome Romero,58,50 and above,VIP,2013-07-19,145,3,8162,8,7,2720,291
339,AW00011338,Frank Navarro,53,50 and above,VIP,2012-12-30,152,2,5745,5,5,2872,410
340,AW00011339,Dennis She,58,50 and above,New,2013-01-25,151,2,4379,3,3,2189,1459
341,AW00011340,Melody Munoz,78,50 and above,New,2013-01-02,151,2,4413,5,5,2206,1471
342,AW00011341,Randy Zeng,83,50 and above,VIP,2013-07-19,145,3,8192,8,8,2730,303
343,AW00011342,Marshall Wang,52,50 and above,New,2013-07-12,145,1,49,3,3,49,49
344,AW00011343,Arthur Carlson,50,50 and above,VIP,2013-07-24,145,3,8222,9,9,2740,304
345,AW00011344,Jessie Jimenez,62,50 and above,VIP,2013-07-23,145,3,8119,7,7,2706,312
346,AW00011345,Robin Ramos,63,50 and above,New,2012-12-31,152,2,4404,3,3,2202,2202
347,AW00011346,Deanna Gutierrez,59,50 and above,New,2013-02-11,150,2,4503,7,7,2251,1125
348,AW00011347,Roy Navarro,53,50 and above,New,2013-03-16,149,1,14,2,2,14,14
349,AW00011348,Shawn Rai,64,50 and above,New,2013-03-31,149,1,68,3,3,68,68
350,AW00011349,Mindy Luo,60,50 and above,New,2014-01-13,139,1,68,3,3,68,68
351,AW00011350,Cara Zhou,83,50 and above,New,2013-02-05,150,1,38,3,3,38,38
352,AW00011351,Anne Ramos,75,50 and above,VIP,2013-08-28,144,3,8068,5,5,2689,310
353,AW00011352,Raymond Rodriguez,80,50 and above,New,2013-05-01,147,1,14,2,2,14,14
354,AW00011353,Carrie Ortega,79,50 and above,VIP,2013-08-08,144,3,8078,6,6,2692,310
355,AW00011354,Deanna Suarez,78,50 and above,New,2013-12-03,140,1,23,3,3,23,23
356,AW00011355,Roberto Gutierrez,77,50 and above,New,2013-09-26,143,1,14,2,2,14,14
357,AW00011356,Terrence Carson,40,40-49,VIP,2013-10-31,142,3,5069,8,8,1689,174
358,AW00011357,Ramon Ye,41,40-49,Regular,2013-10-29,142,3,4943,5,5,1647,176
359,AW00011358,Cynthia Malhotra,41,40-49,VIP,2013-11-14,141,3,5034,8,8,1678,173
360,AW00011359,Jarrod Prasad,41,40-49,Regular,2013-12-04,140,3,4959,8,8,1653,165
361,AW00011360,Tyrone Serrano,41,40-49,VIP,2013-12-22,140,3,5025,6,6,1675,167
362,AW00011361,Cindy Ramos,43,40-49,New,2013-11-24,141,2,115,4,4,57,115
363,AW00011362,Damien Shan,42,40-49,New,2013-09-24,143,2,77,3,3,38,12
364,AW00011363,Julian Ross,42,40-49,VIP,2013-12-18,140,3,5035,5,5,1678,167
365,AW00011364,Jennifer Collins,40,40-49,Regular,2013-12-26,140,3,4921,4,4,1640,164
366,AW00011365,Brittney Sun,41,40-49,VIP,2013-12-22,140,3,5024,7,7,1674,162
367,AW00011366,Virginia Patel,40,40-49,New,2013-08-15,144,2,77,3,3,38,38
368,AW00011367,Calvin Nara,41,40-49,New,2013-11-25,141,2,86,4,4,43,21
369,AW00011368,Edward Miller,41,40-49,VIP,2013-12-01,140,3,5105,11,11,1701,170
370,AW00011369,Ashlee Tang,41,40-49,New,2013-12-27,140,2,119,4,4,59,23
371,AW00011370,Alicia Xu,42,40-49,New,2013-10-01,142,2,80,3,3,40,26
372,AW00011371,Lacey Jai,42,40-49,New,2013-12-28,140,2,75,2,2,37,75
373,AW00011372,Wendy Romero,42,40-49,Regular,2013-12-14,140,3,4965,5,5,1655,165
374,AW00011373,Carly Luo,71,50 and above,New,2013-08-27,144,1,38,3,3,38,38
375,AW00011374,Jimmy Ortega,77,50 and above,New,2013-04-15,148,1,69,3,3,69,69
376,AW00011375,Francisco Martinez,77,50 and above,New,2013-10-17,142,1,14,2,2,14,14
377,AW00011376,Lance Vazquez,77,50 and above,New,2013-10-15,142,1,78,2,2,78,78
378,AW00011377,David Robinett,59,50 and above,New,2013-02-28,150,1,84,3,3,84,84
379,AW00011378,Shannon Liang,60,50 and above,New,2013-02-14,150,2,4436,4,4,2218,1109
380,AW00011379,Gary Vazquez,49,40-49,New,2013-02-26,150,2,4426,4,4,2213,1106
381,AW00011380,Mitchell Kumar,61,50 and above,VIP,2013-02-03,150,2,5838,6,6,2919,364
382,AW00011381,Meredith Raman,55,50 and above,VIP,2013-08-18,144,3,8161,5,5,2720,313
383,AW00011382,Edward Patterson,51,50 and above,New,2013-02-16,150,2,4344,2,2,2172,1448
384,AW00011383,Marie Gill,59,50 and above,New,2014-01-01,139,1,49,3,3,49,49
385,AW00011384,Tiffany Wang,54,50 and above,New,2013-08-02,144,1,49,3,3,49,49
386,AW00011385,Miguel Allen,54,50 and above,New,2013-07-06,145,1,14,2,2,14,14
387,AW00011386,Jaclyn Cai,54,50 and above,New,2013-11-02,141,1,69,3,3,69,69
388,AW00011387,Megan Ramirez,61,50 and above,VIP,2013-04-01,148,3,6959,6,6,2319,331
389,AW00011388,Joseph Martin,60,50 and above,VIP,2013-04-26,148,3,6987,7,7,2329,332
390,AW00011389,Karl Shan,44,40-49,New,2013-11-17,141,1,69,3,3,69,69
391,AW00011390,Christine Raji,49,40-49,New,2013-11-07,141,1,49,3,3,49,49
392,AW00011391,Lindsay Xie,49,40-49,New,2013-10-26,142,1,34,2,2,34,34
393,AW00011392,Willie Zhao,44,40-49,New,2013-03-29,149,1,29,1,1,29,29
394,AW00011393,Kurt Pal,51,50 and above,New,2013-07-16,145,1,14,2,2,14,14
395,AW00011394,George McDonald,50,50 and above,VIP,2013-08-02,144,3,8162,7,7,2720,326
396,AW00011395,Beth Gutierrez,49,40-49,VIP,2013-02-20,150,2,5730,3,3,2865,382
397,AW00011396,Ian Lopez,50,50 and above,New,2013-10-26,142,1,29,1,1,29,29
398,AW00011397,Latoya Shan,51,50 and above,New,2013-07-07,145,1,38,3,3,38,38
399,AW00011398,Colin Nath,50,50 and above,VIP,2013-08-02,144,3,8114,4,4,2704,324
400,AW00011399,Brenda Mehta,50,50 and above,New,2013-04-13,148,1,14,2,2,14,14
401,AW00011400,Franklin Raji,45,40-49,VIP,2013-07-19,145,3,6968,8,7,2322,290
402,AW00011401,Linda Navarro,50,50 and above,New,2013-03-08,149,3,5020,6,6,1673,1004
403,AW00011402,Kelli Cai,50,50 and above,New,2013-04-02,148,3,5059,10,9,1686,1011
404,AW00011403,Nancy Schmidt,45,40-49,New,2013-05-28,147,3,5032,9,9,1677,718
405,AW00011404,Megan Taylor,68,50 and above,New,2013-02-10,150,1,34,2,2,34,34
406,AW00011405,Bonnie Goel,68,50 and above,New,2013-03-31,149,1,54,1,1,54,54
407,AW00011406,Latoya Xu,68,50 and above,New,2013-02-09,150,2,4415,6,6,2207,1471
408,AW00011407,Mario She,68,50 and above,New,2013-06-23,146,1,54,1,1,54,54
409,AW00011408,Darren Gill,61,50 and above,New,2013-03-05,149,1,34,3,3,34,34
410,AW00011409,Jacqueline Hayes,46,40-49,New,2013-01-28,151,2,4444,5,5,2222,2222
411,AW00011410,Maurice Goel,NULL,50 and above,New,2013-02-04,150,2,4464,5,5,2232,1488
412,AW00011411,Devin Ross,66,50 and above,New,2013-08-04,144,1,38,3,3,38,38
413,AW00011412,Sydney Bryant,66,50 and above,VIP,2013-10-11,142,4,9880,11,10,2470,429
414,AW00011413,Megan Stewart,66,50 and above,VIP,2013-09-05,143,4,7190,11,10,1797,287
415,AW00011414,Ian Richardson,66,50 and above,VIP,2013-09-15,143,4,7191,10,10,1797,287
416,AW00011415,Randy She,76,50 and above,New,2013-08-16,144,1,14,2,2,14,14
417,AW00011416,Katrina Becker,75,50 and above,New,2013-05-05,147,3,4928,5,4,1642,821
418,AW00011417,Lacey Zheng,75,50 and above,VIP,2013-12-15,140,7,11248,17,14,1606,865
419,AW00011418,Rafael Hu,75,50 and above,New,2013-12-17,140,1,40,2,2,40,40
420,AW00011419,Kyle Scott,75,50 and above,New,2013-06-27,146,2,231,6,6,115,77
421,AW00011420,Jordan Turner,73,50 and above,VIP,2013-11-29,141,7,11200,17,16,1600,933
422,AW00011421,Amy Sun,73,50 and above,VIP,2013-10-09,142,4,9780,4,4,2445,425
423,AW00011422,Dustin Deng,73,50 and above,VIP,2013-11-03,141,4,7075,10,10,1768,262
424,AW00011423,Jasmine Stewart,65,50 and above,VIP,2013-10-20,142,4,9905,10,10,2476,450
425,AW00011424,Pamela Garcia,61,50 and above,New,2013-04-21,148,1,44,2,2,44,44
426,AW00011425,Ariana Gray,60,50 and above,VIP,2013-12-21,140,6,10528,15,15,1754,809
427,AW00011426,Kristopher Mehta,66,50 and above,New,2013-04-09,148,1,35,1,1,35,35
428,AW00011427,Desiree Dominguez,66,50 and above,VIP,2013-10-20,142,4,9918,9,8,2479,450
429,AW00011428,Deanna Perez,66,50 and above,VIP,2013-10-22,142,4,9954,12,12,2488,452
430,AW00011429,Marco Lopez,67,50 and above,VIP,2013-12-24,140,6,10468,17,14,1744,872
431,AW00011430,Casey Yuan,68,50 and above,New,2013-03-19,149,1,85,2,2,85,85
432,AW00011431,Bryant Garcia,51,50 and above,VIP,2013-09-30,143,4,9913,11,8,2478,472
433,AW00011432,Dominique Prasad,68,50 and above,VIP,2013-12-25,140,6,9330,16,15,1555,777
434,AW00011433,Maurice Shan,68,50 and above,New,2013-09-14,143,6,12914,13,12,2152,1434
435,AW00011434,Andre Lopez,63,50 and above,New,2013-07-15,145,2,70,4,4,35,70
436,AW00011435,Robin Romero,70,50 and above,New,2014-01-04,139,1,35,1,1,35,35
437,AW00011436,Taylor Cox,69,50 and above,New,2013-06-19,146,2,81,4,4,40,81
438,AW00011437,Alfredo Moreno,70,50 and above,New,2013-12-19,140,1,54,1,1,54,54
439,AW00011438,Jenny Nara,70,50 and above,New,2013-02-05,150,1,35,1,1,35,35
440,AW00011439,Janet Munoz,72,50 and above,New,2013-10-20,142,6,12488,14,12,2081,1135
441,AW00011440,Sergio Weber,72,50 and above,New,2013-03-27,149,1,78,2,2,78,78
442,AW00011441,Erika Gomez,73,50 and above,New,2014-01-08,139,1,44,2,2,44,44
443,AW00011442,Joseph Harris,72,50 and above,New,2013-09-29,143,1,35,1,1,35,35
444,AW00011443,Grace Griffin,44,40-49,VIP,2013-10-01,142,3,8235,8,8,2745,294
445,AW00011444,Tina Mehta,44,40-49,VIP,2013-06-02,146,3,8136,5,5,2712,339
446,AW00011445,Kari Kim,45,40-49,VIP,2013-06-28,146,3,8098,5,5,2699,337
447,AW00011446,Bethany Chander,45,40-49,VIP,2013-06-21,146,3,8237,7,6,2745,343
448,AW00011447,Jennifer Roberts,45,40-49,VIP,2013-05-31,147,3,8078,6,6,2692,351
449,AW00011448,Kyle Patterson,45,40-49,VIP,2013-06-21,146,3,8132,7,7,2710,338
450,AW00011449,Alvin Hu,45,40-49,VIP,2013-06-24,146,3,8130,7,7,2710,338
451,AW00011450,Brett Mehta,44,40-49,VIP,2013-06-17,146,3,8173,9,9,2724,340
452,AW00011451,Ruben Mu├▒oz,45,40-49,VIP,2013-06-05,146,3,8250,9,9,2750,358
453,AW00011452,Erika Rubio,46,40-49,VIP,2013-06-12,146,3,8183,5,5,2727,355
454,AW00011453,Stanley Malhotra,41,40-49,VIP,2013-06-19,146,3,8177,6,6,2725,355
455,AW00011454,Melinda Navarro,46,40-49,VIP,2013-06-18,146,3,8089,4,4,2696,351
456,AW00011455,Ross Sanz,46,40-49,VIP,2013-05-31,147,3,8142,5,5,2714,370
457,AW00011456,Jon Gao,45,40-49,VIP,2013-05-31,147,3,8224,11,10,2741,373
458,AW00011457,Jaime Gutierrez,47,40-49,VIP,2013-06-01,146,3,8211,10,9,2737,357
459,AW00011458,Bianca Liu,47,40-49,New,2014-01-18,139,3,97,7,7,32,9
460,AW00011459,Tasha Deng,47,40-49,VIP,2013-06-18,146,3,8141,5,5,2713,353
461,AW00011460,Melvin Chande,42,40-49,VIP,2013-06-10,146,3,8137,6,6,2712,353
462,AW00011461,Victor Jimenez,48,40-49,VIP,2013-07-21,145,3,8089,4,4,2696,337
463,AW00011462,Laura Lin,48,40-49,VIP,2013-07-25,145,3,8116,5,5,2705,338
464,AW00011463,Alisha Beck,48,40-49,New,2013-12-13,140,3,48,4,4,16,5
465,AW00011464,Alejandro Huang,48,40-49,VIP,2013-07-01,145,3,8128,7,7,2709,338
466,AW00011465,Louis Luo,49,40-49,VIP,2013-07-13,145,3,8158,4,4,2719,339
467,AW00011466,Grant Tang,48,40-49,New,2013-08-21,144,3,90,7,7,30,30
468,AW00011467,Arturo Zheng,50,50 and above,New,2014-01-02,139,3,56,5,4,18,9
469,AW00011468,Jaclyn Andersen,45,40-49,VIP,2013-08-21,144,3,6960,4,4,2320,290
470,AW00011469,Edwin Raji,47,40-49,New,2013-08-09,144,1,25,2,2,25,25
471,AW00011470,Jay Suarez,46,40-49,Regular,2013-02-21,150,2,4344,2,1,2172,334
472,AW00011471,Latasha Suarez,46,40-49,New,2013-05-17,147,1,54,1,1,54,54
473,AW00011472,Kenneth Kumar,57,50 and above,VIP,2013-10-26,142,3,8165,6,6,2721,302
474,AW00011473,Grace Henderson,39,30-39,New,2013-06-02,146,1,63,2,2,63,63
475,AW00011474,Melvin Xu,40,40-49,New,2013-09-26,143,1,49,3,3,49,49
476,AW00011475,Cesar Subram,41,40-49,New,2013-04-23,148,1,69,4,4,69,69
477,AW00011476,Erika Navarro,45,40-49,New,2013-11-01,141,1,54,1,1,54,54
478,AW00011477,Tristan Hughes,41,40-49,New,2013-09-25,143,1,35,1,1,35,35
479,AW00011478,Billy Hernandez,41,40-49,New,2013-04-19,148,1,54,1,1,54,54
480,AW00011479,Darryl Wu,47,40-49,New,2013-05-24,147,3,4970,9,9,1656,994
481,AW00011480,Colleen Ma,41,40-49,New,2013-07-25,145,3,4935,7,6,1645,705
482,AW00011481,Erica Hu,47,40-49,Regular,2013-04-21,148,3,4978,6,6,1659,331
483,AW00011482,Adrienne Torres,47,40-49,VIP,2013-09-10,143,3,8143,5,5,2714,339
484,AW00011483,Calvin Chande,42,40-49,New,2013-07-19,145,3,4966,4,3,1655,709
485,AW00011484,Erick Sai,42,40-49,Regular,2013-03-30,149,3,4985,6,6,1661,356
486,AW00011485,Donald Chandra,47,40-49,VIP,2013-09-12,143,3,7049,7,7,2349,293
487,AW00011486,Ariana Rogers,43,40-49,New,2013-11-24,141,1,35,1,1,35,35
488,AW00011487,Morgan Jones,48,40-49,New,2013-12-15,140,1,54,1,1,54,54
489,AW00011488,Jermaine Lopez,48,40-49,VIP,2013-08-30,144,3,8090,5,5,2696,367
490,AW00011489,Deborah Goel,49,40-49,VIP,2013-09-28,143,3,8127,7,7,2709,353
491,AW00011490,Danny Rubio,49,40-49,New,2013-04-04,148,1,54,1,1,54,54
492,AW00011491,Andre Perez,43,40-49,VIP,2013-09-07,143,3,8158,7,7,2719,370
493,AW00011492,Terrence Chander,43,40-49,Regular,2013-02-19,150,2,4404,3,3,2202,367
494,AW00011493,Dawn Wu,49,40-49,VIP,2013-09-12,143,3,6959,6,6,2319,316
495,AW00011494,Jimmy Gutierrez,49,40-49,VIP,2013-09-30,143,3,6974,5,5,2324,332
496,AW00011495,Francis Jimenez,48,40-49,New,2013-10-26,142,1,14,2,2,14,14
497,AW00011496,Gary Ortega,49,40-49,VIP,2013-11-05,141,3,7014,7,7,2338,292
498,AW00011497,Katrina Nath,44,40-49,New,2013-11-04,141,1,35,1,1,35,35
499,AW00011498,Arturo Sun,46,40-49,New,2014-01-09,139,16,560,30,18,35,50
500,AW00011499,Pedro Vance,45,40-49,New,2013-06-29,146,2,192,6,6,96,96
501,AW00011500,Sarah Simmons,45,40-49,Regular,2014-01-10,139,16,653,30,23,40,54
502,AW00011501,Brandy Chandra,44,40-49,New,2014-01-22,139,16,871,33,23,54,87
503,AW00011502,Jared Peterson,45,40-49,Regular,2014-01-27,139,16,1020,42,25,63,85
504,AW00011503,Dennis Wu,89,50 and above,New,2013-12-08,140,2,61,3,3,30,8
505,AW00011504,Jordan Baker,89,50 and above,New,2013-05-03,147,2,44,4,3,22,44
506,AW00011505,Jasmine Powell,53,50 and above,New,2013-12-24,140,16,845,36,22,52,84
507,AW00011506,Nicholas Brown,54,50 and above,New,2014-01-22,139,16,748,36,24,46,74
508,AW00011507,Isabella Russell,53,50 and above,New,2014-01-20,139,16,651,31,20,40,59
509,AW00011508,Elizabeth Wilson,53,50 and above,New,2013-05-14,147,2,77,4,4,38,77
510,AW00011509,Roger Harui,61,50 and above,New,2013-07-29,145,1,196,3,3,196,196
511,AW00011510,Seth Roberts,66,50 and above,New,2013-12-26,140,5,257,16,14,51,28
512,AW00011511,Caleb Perry,61,50 and above,New,2013-03-13,149,1,35,1,1,35,35
513,AW00011512,Natalie Campbell,49,40-49,New,2013-12-28,140,1,2320,1,1,2320,2320
514,AW00011513,Alyssa Howard,60,50 and above,New,2013-06-08,146,1,863,5,5,863,863
515,AW00011514,Dalton Diaz,60,50 and above,New,2013-06-24,146,1,40,2,2,40,40
516,AW00011515,Shannon Huang,66,50 and above,VIP,2013-04-20,148,2,5930,4,4,2965,296
517,AW00011516,Mya Gonzales,49,40-49,VIP,2013-06-16,146,2,5915,5,5,2957,281
518,AW00011517,Katherine Bryant,66,50 and above,New,2013-08-23,144,2,101,5,5,50,50
519,AW00011518,Edward Washington,65,50 and above,New,2013-11-11,141,2,82,6,6,41,82
520,AW00011519,Jerome Navarro,65,50 and above,New,2014-01-11,139,16,756,36,20,47,75
521,AW00011520,Jada Morgan,65,50 and above,New,2014-01-19,139,16,822,32,24,51,74
522,AW00011521,Ariana Peterson,48,40-49,New,2013-11-07,141,2,44,4,3,22,5
523,AW00011522,Christian Hughes,53,50 and above,VIP,2013-02-01,150,2,5888,4,4,2944,346
524,AW00011523,Lucas Taylor,63,50 and above,New,2013-02-15,150,1,2377,3,3,2377,2377
525,AW00011524,Alyssa Jackson,64,50 and above,New,2013-10-17,142,2,42,3,3,21,21
526,AW00011525,Ariana Cook,64,50 and above,VIP,2013-02-22,150,2,5935,4,4,2967,349
527,AW00011526,Katherine Diaz,52,50 and above,New,2013-02-03,150,1,2377,3,3,2377,2377
528,AW00011527,Jenna Green,64,50 and above,New,2013-11-01,141,2,39,3,2,19,4
529,AW00011528,Joan Washington,57,50 and above,VIP,2013-02-19,150,2,5959,6,6,2979,350
530,AW00011529,Austin Bryant,62,50 and above,VIP,2013-02-04,150,2,5944,6,6,2972,349
531,AW00011530,Andrew Martinez,62,50 and above,New,2013-12-30,140,16,572,26,18,35,52
532,AW00011531,Nina Yuan,63,50 and above,VIP,2013-02-08,150,2,5875,3,3,2937,326
533,AW00011532,Lauren Miller,63,50 and above,New,2013-12-27,140,2,44,4,3,22,5
534,AW00011533,Ebony Gill,57,50 and above,New,2014-01-10,139,2,37,2,2,18,4
535,AW00011534,Cameron Lewis,61,50 and above,VIP,2013-02-14,150,2,5919,4,4,2959,348
536,AW00011535,Devin Nelson,62,50 and above,VIP,2013-03-15,149,2,5919,6,6,2959,328
537,AW00011536,Logan Chow,56,50 and above,VIP,2013-03-21,149,2,5915,5,5,2957,328
538,AW00011537,Dakota Ross,62,50 and above,VIP,2013-03-24,149,2,5873,2,2,2936,326
539,AW00011538,Nicole Taylor,60,50 and above,VIP,2013-03-01,149,2,5895,3,3,2947,327
540,AW00011539,Justin Washington,55,50 and above,VIP,2013-03-25,149,2,5997,6,6,2998,333
541,AW00011540,Alberto Navarro,55,50 and above,VIP,2013-03-21,149,2,5958,5,5,2979,331
542,AW00011541,Aidan Ross,61,50 and above,VIP,2013-04-13,148,2,5973,5,5,2986,314
543,AW00011542,Alejandro Tang,46,40-49,New,2013-05-11,147,1,34,3,3,34,34
544,AW00011543,Sheena Chande,52,50 and above,New,2013-12-21,140,1,54,1,1,54,54
545,AW00011544,Joel Garcia,46,40-49,New,2013-08-28,144,1,89,2,2,89,89
546,AW00011545,Reginald Dominguez,52,50 and above,New,2013-07-13,145,1,54,1,1,54,54
547,AW00011546,Christine Chande,52,50 and above,New,2013-03-12,149,2,4460,5,4,2230,1486
548,AW00011547,Cindy Sai,46,40-49,New,2013-07-28,145,3,4976,5,4,1658,710
549,AW00011548,Raymond Sanchez,51,50 and above,VIP,2013-11-11,141,3,7068,9,8,2356,307
550,AW00011549,Crystal Liang,46,40-49,VIP,2013-12-12,140,3,7024,9,8,2341,292
551,AW00011550,Deb Torres,46,40-49,VIP,2013-03-16,149,3,5241,5,5,1747,374
552,AW00011551,Shannon Alvarez,NULL,50 and above,New,2013-03-01,149,1,54,1,1,54,54
553,AW00011552,Eddie Rubio,53,50 and above,New,2014-01-06,139,1,35,1,1,35,35
554,AW00011553,Sharon Luo,52,50 and above,New,2013-08-22,144,1,21,1,1,21,21
555,AW00011554,Sydney Simmons,93,50 and above,New,2013-05-08,147,1,35,1,1,35,35
556,AW00011555,Alexandria Henderson,88,50 and above,New,2013-05-08,147,1,35,1,1,35,35
557,AW00011556,Lucas Evans,53,50 and above,New,2013-12-21,140,1,21,1,1,21,21
558,AW00011557,Felicia Ramos,53,50 and above,New,2013-08-08,144,1,21,1,1,21,21
559,AW00011558,Ivan Malhotra,52,50 and above,New,2013-11-30,141,1,21,1,1,21,21
560,AW00011559,Frederick Subram,47,40-49,New,2013-11-29,141,1,35,1,1,35,35
561,AW00011560,Whitney Srini,47,40-49,New,2013-12-03,140,1,54,1,1,54,54
562,AW00011561,Briana Dominguez,53,50 and above,Regular,2013-03-11,149,2,4344,2,2,2172,334
563,AW00011562,Jarrod Gonzalez,NULL,50 and above,New,2013-06-26,146,1,85,2,2,85,85
564,AW00011563,Cesar Srini,54,50 and above,New,2013-07-05,145,1,54,1,1,54,54
565,AW00011564,Jorge Liang,53,50 and above,Regular,2013-03-18,149,2,4369,2,2,2184,336
566,AW00011565,Erik Diaz,54,50 and above,New,2013-09-08,143,1,35,1,1,35,35
567,AW00011566,April Shan,52,50 and above,Regular,2014-01-07,139,25,1002,58,15,40,83
568,AW00011567,Carla Perez,47,40-49,New,2013-03-15,149,1,54,1,1,54,54
569,AW00011568,Alexia Foster,53,50 and above,VIP,2013-09-20,143,3,6789,5,5,2263,339
570,AW00011569,Troy Malhotra,48,40-49,New,2013-11-20,141,1,35,1,1,35,35
571,AW00011570,Kristin Andersen,54,50 and above,Regular,2013-03-14,149,2,4391,2,2,2195,365
572,AW00011571,Joel Sai,54,50 and above,New,2013-03-20,149,2,4390,4,4,2195,1463
573,AW00011572,Billy Moreno,48,40-49,New,2013-03-08,149,2,4450,6,6,2225,1483
574,AW00011573,Meagan Subram,49,40-49,New,2013-07-27,145,1,35,1,1,35,35
575,AW00011574,Karla Luo,54,50 and above,New,2013-03-15,149,1,35,1,1,35,35
576,AW00011575,Jackson Campbell,55,50 and above,VIP,2013-09-16,143,3,6806,7,7,2268,340
577,AW00011576,Micah Zhu,55,50 and above,New,2013-03-23,149,2,4486,3,3,2243,1495
578,AW00011577,Janet Serrano,54,50 and above,New,2013-03-12,149,2,4344,2,1,2172,1448
579,AW00011578,Trisha Huang,55,50 and above,New,2013-03-12,149,2,4406,4,4,2203,1101
580,AW00011579,Clayton Beck,44,40-49,New,2013-07-31,145,1,44,2,2,44,44
581,AW00011580,Melvin Raje,86,50 and above,New,2013-04-16,148,1,35,1,1,35,35
582,AW00011581,Cindy Jordan,NULL,50 and above,New,2013-11-22,141,5,237,11,9,47,26
583,AW00011582,Claudia Ma,51,50 and above,New,2013-03-23,149,2,4379,3,3,2189,1459
584,AW00011583,Karla Xu,54,50 and above,New,2013-04-08,148,2,4381,4,4,2190,1095
585,AW00011584,Devin Carter,54,50 and above,New,2013-09-16,143,1,9,1,1,9,9
586,AW00011585,Kari Perez,49,40-49,New,2014-01-10,139,1,50,1,1,50,50
587,AW00011586,Alberto Romero,54,50 and above,New,2013-10-28,142,1,9,1,1,9,9
588,AW00011587,Kevin Bryant,50,50 and above,New,2013-04-09,148,2,4540,5,5,2270,908
589,AW00011588,Candace Mehta,55,50 and above,New,2013-05-12,147,2,4369,2,2,2184,728
590,AW00011589,Ebony Malhotra,50,50 and above,New,2013-06-04,146,1,15,2,2,15,15
591,AW00011590,Erika Diaz,45,40-49,New,2013-05-23,147,2,4384,4,4,2192,876
592,AW00011591,Stacey Lu,57,50 and above,VIP,2013-05-23,147,2,5895,3,3,2947,210
593,AW00011592,Darrell Raji,41,40-49,VIP,2013-05-12,147,2,5875,3,3,2937,209
594,AW00011593,Armando Moreno,43,40-49,VIP,2013-06-19,146,2,5908,3,3,2954,203
595,AW00011594,Corey Goel,40,40-49,New,2013-08-17,144,1,89,2,2,89,89
596,AW00011595,Sebastian Howard,41,40-49,New,2013-12-30,140,1,35,1,1,35,35
597,AW00011596,Roger Raje,56,50 and above,New,2013-10-01,142,1,50,3,3,50,50
598,AW00011597,Janelle Chandra,42,40-49,New,2014-01-05,139,1,35,1,1,35,35
599,AW00011598,Meredith Ruiz,42,40-49,Regular,2013-03-24,149,2,4548,5,4,2274,379
600,AW00011599,Melody Diaz,42,40-49,VIP,2013-06-12,146,2,5957,6,6,2978,205
601,AW00011600,Linda Rubio,43,40-49,New,2013-05-06,147,1,35,1,1,35,35
602,AW00011601,Ivan Raman,42,40-49,VIP,2013-06-07,146,2,5932,6,6,2966,204
603,AW00011602,Larry Gill,43,40-49,New,2013-07-10,145,1,35,1,1,35,35
604,AW00011603,Geoffrey Gonzalez,43,40-49,VIP,2013-10-08,142,3,6767,5,5,2255,322
605,AW00011604,Edgar Sanchez,43,40-49,VIP,2013-10-16,142,3,6786,7,7,2262,323
606,AW00011605,Heidi Subram,43,40-49,New,2013-02-28,150,2,4344,2,2,2172,394
607,AW00011606,Melody Ramos,39,30-39,VIP,2013-06-28,146,2,5922,5,5,2961,204
608,AW00011607,Clinton Moreno,39,30-39,VIP,2013-06-10,146,2,5913,4,4,2956,203
609,AW00011608,Cesar Madan,44,40-49,New,2013-12-13,140,1,35,1,1,35,35
610,AW00011609,Eugene Ye,44,40-49,VIP,2013-11-23,141,3,6872,9,9,2290,312
611,AW00011610,Blake Collins,45,40-49,VIP,2013-11-01,141,3,6786,6,6,2262,308
612,AW00011611,Ernest Lin,40,40-49,VIP,2013-06-29,146,2,5873,2,2,2936,202
613,AW00011612,Keith Andersen,40,40-49,VIP,2013-11-18,141,3,6795,6,6,2265,323
614,AW00011613,Meredith Prasad,44,40-49,New,2013-04-24,148,2,4381,4,4,2190,398
615,AW00011614,Katrina Sharma,44,40-49,New,2013-04-05,148,2,4438,5,5,2219,403
616,AW00011615,Dwayne Navarro,44,40-49,VIP,2013-04-13,148,3,5205,7,6,1735,371
617,AW00011616,Casey Nath,45,40-49,VIP,2013-04-15,148,3,5253,10,10,1751,375
618,AW00011617,Sean Brooks,61,50 and above,VIP,2013-04-07,148,2,5935,4,4,2967,312
619,AW00011618,Brian Ramirez,61,50 and above,New,2013-02-09,150,1,2370,4,4,2370,2370
620,AW00011619,Sierra Young,47,40-49,New,2013-12-02,140,16,633,29,18,39,63
621,AW00011620,Megan Rodriguez,47,40-49,New,2013-07-27,145,2,44,4,3,22,8
622,AW00011621,Leah She,47,40-49,New,2013-10-30,142,2,123,6,6,61,61
623,AW00011622,Gabriel Allen,46,40-49,New,2013-06-15,146,2,133,5,5,66,66
624,AW00011623,Angela Perry,47,40-49,VIP,2013-04-26,148,2,5948,5,5,2974,313
625,AW00011624,Ryan Smith,41,40-49,VIP,2013-04-24,148,2,5898,2,2,2949,310
626,AW00011625,Zachary Moore,47,40-49,VIP,2013-04-23,148,2,5913,4,4,2956,311
627,AW00011626,Destiny Rogers,47,40-49,VIP,2013-04-07,148,2,5959,4,4,2979,313
628,AW00011627,Dalton Gray,47,40-49,New,2013-11-09,141,2,50,4,4,25,16
629,AW00011628,Mariah Wood,48,40-49,VIP,2013-03-31,149,2,5875,3,3,2937,326
630,AW00011629,Isaiah Wright,49,40-49,VIP,2013-04-18,148,2,5930,4,4,2965,312
631,AW00011630,Haley Powell,48,40-49,VIP,2013-04-27,148,2,5933,3,3,2966,312
632,AW00011631,Antonio Bennett,49,40-49,New,2013-12-25,140,16,706,33,22,44,70
633,AW00011632,Alexandra Jenkins,43,40-49,Regular,2014-01-03,139,16,1001,34,23,62,83
634,AW00011633,Thomas Anderson,48,40-49,New,2014-01-14,139,2,77,4,4,38,38
635,AW00011634,Samuel Collins,48,40-49,New,2013-04-26,148,2,39,3,2,19,39
636,AW00011635,Darrell Chande,42,40-49,New,2013-09-21,143,2,42,3,3,21,6
637,AW00011636,Kimberly Cox,47,40-49,New,2014-01-18,139,2,77,4,4,38,19
638,AW00011637,Morgan Hernandez,42,40-49,New,2013-02-15,150,2,39,3,2,19,39
639,AW00011638,Antonio Powell,48,40-49,New,2013-10-19,142,2,77,4,4,38,77
640,AW00011639,Angelica Perry,47,40-49,New,2014-01-08,139,2,127,5,5,63,63
641,AW00011640,Chloe Wilson,50,50 and above,New,2013-12-29,140,5,408,15,14,81,45
642,AW00011641,James Chen,49,40-49,New,2013-08-18,144,5,302,11,10,60,43
643,AW00011642,Morgan Hughes,49,40-49,New,2014-01-24,139,5,481,15,14,96,43
644,AW00011643,Naomi Munoz,49,40-49,New,2013-07-04,145,2,100,5,5,50,33
645,AW00011644,Charles Torres,50,50 and above,New,2014-01-05,139,2,42,3,3,21,5
646,AW00011645,Gabriella Turner,50,50 and above,New,2014-01-03,139,2,153,5,5,76,76
647,AW00011646,Anna Foster,45,40-49,New,2013-07-25,145,2,113,3,3,56,113
648,AW00011647,Randy Wu,50,50 and above,New,2013-02-15,150,1,2366,5,5,2366,2366
649,AW00011648,Kevin Scott,45,40-49,New,2013-09-02,143,2,89,2,2,44,89
650,AW00011649,Ian White,45,40-49,New,2013-04-23,148,2,91,3,3,45,91
651,AW00011650,Caleb Hayes,50,50 and above,New,2013-12-17,140,2,129,4,4,64,12
652,AW00011651,Patricia Garcia,43,40-49,New,2013-10-18,142,5,226,8,7,45,32
653,AW00011652,Samuel Russell,43,40-49,New,2013-12-18,140,5,310,14,11,62,51
654,AW00011653,Sydney Peterson,43,40-49,New,2013-10-12,142,2,179,5,5,89,29
655,AW00011654,Ariana Sanchez,48,40-49,VIP,2013-04-24,148,2,5955,4,4,2977,330
656,AW00011655,Tamara Sharma,43,40-49,New,2013-12-02,140,2,50,4,4,25,16
657,AW00011656,Katelyn Perez,48,40-49,New,2014-01-12,139,2,77,4,4,38,19
658,AW00011657,Megan Cox,49,40-49,New,2014-01-28,139,2,179,5,5,89,22
659,AW00011658,Robert Mitchell,40,40-49,New,2013-07-24,145,2,112,5,5,56,37
660,AW00011659,Miguel Adams,51,50 and above,New,2014-01-06,139,5,234,10,9,46,29
661,AW00011660,Miranda Gonzales,45,40-49,New,2013-08-16,144,5,323,15,11,64,107
662,AW00011661,Jeremiah James,44,40-49,New,2013-12-14,140,5,287,11,10,57,35
663,AW00011662,Ethan Kumar,49,40-49,New,2013-07-06,145,2,100,4,4,50,50
664,AW00011663,Seth Williams,50,50 and above,VIP,2013-02-15,150,2,5948,5,5,2974,371
665,AW00011664,Alyssa Morgan,50,50 and above,VIP,2013-02-21,150,2,5948,5,5,2974,371
666,AW00011665,Janet Dominguez,49,40-49,VIP,2013-02-14,150,2,5930,4,4,2965,370
667,AW00011666,Angel Baker,44,40-49,VIP,2013-02-07,150,2,5948,5,5,2974,371
668,AW00011667,Blake Moore,53,50 and above,New,2013-12-19,140,2,91,3,3,45,18
669,AW00011668,Jada Collins,41,40-49,New,2014-01-04,139,2,129,4,4,64,129
670,AW00011669,Isabella Simmons,47,40-49,New,2013-08-19,144,2,113,6,6,56,113
671,AW00011670,Jacqueline Perry,52,50 and above,New,2013-09-18,143,2,100,4,4,50,20
672,AW00011671,Jessica Brown,54,50 and above,VIP,2013-04-08,148,2,5970,4,4,2985,331
673,AW00011672,Chad Jai,53,50 and above,New,2013-09-18,143,2,113,3,3,56,56
674,AW00011673,Susan Ye,48,40-49,New,2013-03-03,149,2,192,6,6,96,96
675,AW00011674,Morgan Rogers,53,50 and above,New,2013-08-18,144,2,96,4,4,48,32
676,AW00011675,Devin Martinez,48,40-49,VIP,2013-02-09,150,2,5898,2,2,2949,368
677,AW00011676,Alan Hu,54,50 and above,New,2013-12-09,140,2,91,3,3,45,22
678,AW00011677,Charles Walker,45,40-49,New,2013-11-30,141,5,297,10,10,59,42
679,AW00011678,Johnny Chavez,51,50 and above,VIP,2013-02-05,150,2,5900,3,3,2950,368
680,AW00011679,Dalton Richardson,51,50 and above,New,2013-11-29,141,2,146,4,4,73,146
681,AW00011680,Kaylee Nelson,50,50 and above,New,2014-01-19,139,2,94,3,3,47,23
682,AW00011681,Abigail Jones,50,50 and above,New,2013-11-25,141,2,138,5,5,69,17
683,AW00011682,Kaitlyn Hall,45,40-49,New,2013-12-09,140,2,253,4,4,126,84
684,AW00011683,Greg Taylor,51,50 and above,VIP,2013-02-07,150,2,5897,5,5,2948,368
685,AW00011684,Devin Parker,54,50 and above,New,2013-12-12,140,2,94,3,3,47,18
686,AW00011685,Jose Griffin,55,50 and above,New,2013-12-13,140,2,111,5,5,55,12
687,AW00011686,Luke Edwards,49,40-49,New,2013-04-24,148,2,129,4,4,64,129
688,AW00011687,Cody Torres,49,40-49,New,2013-06-21,146,2,98,3,3,49,49
689,AW00011688,Victoria Morris,49,40-49,VIP,2013-02-14,150,2,5967,5,5,2983,372
690,AW00011689,Ian Diaz,54,50 and above,New,2013-09-02,143,2,89,2,2,44,89
691,AW00011690,Caroline Butler,49,40-49,VIP,2013-04-26,148,2,5904,4,4,2952,328
692,AW00011691,Kaitlyn Wilson,51,50 and above,New,2013-05-19,147,2,120,4,4,60,40
693,AW00011692,Caleb Gonzales,56,50 and above,New,2014-01-18,139,2,94,3,3,47,15
694,AW00011693,Hailey Diaz,50,50 and above,New,2013-01-28,151,1,2295,1,1,2295,2295
695,AW00011694,Jonathon Ortega,56,50 and above,New,2013-09-28,143,2,129,4,4,64,25
696,AW00011695,Logan Campbell,56,50 and above,New,2013-08-19,144,2,129,4,4,64,32
697,AW00011696,Mackenzie Campbell,50,50 and above,VIP,2013-04-29,148,2,5873,2,2,2936,326
698,AW00011697,Eduardo Lee,50,50 and above,New,2013-10-04,142,2,153,5,5,76,76
699,AW00011698,Jackson Wright,50,50 and above,New,2014-01-14,139,5,255,7,7,51,25
700,AW00011699,Chase Peterson,57,50 and above,New,2013-08-09,144,2,122,5,5,61,40
701,AW00011700,Xavier Richardson,56,50 and above,New,2013-06-09,146,2,138,5,5,69,34
702,AW00011701,David Hayes,40,40-49,New,2013-05-04,147,2,129,4,4,64,129
703,AW00011702,Jenny Zhou,51,50 and above,New,2013-11-14,141,2,96,4,4,48,16
704,AW00011703,Kaylee Baker,52,50 and above,New,2013-11-16,141,2,100,4,4,50,11
705,AW00011704,Evan Hernandez,52,50 and above,New,2013-07-17,145,2,94,3,3,47,94
706,AW00011705,Brooke Richardson,46,40-49,VIP,2013-05-27,147,2,5940,5,5,2970,312
707,AW00011706,Blake Perez,57,50 and above,New,2013-10-04,142,2,89,2,2,44,12
708,AW00011707,Natalie Cook,56,50 and above,VIP,2013-05-24,147,2,6025,5,5,3012,317
709,AW00011708,Elizabeth Weisman,51,50 and above,VIP,2013-05-28,147,2,5908,4,4,2954,310
710,AW00011709,Hailey Collins,57,50 and above,New,2013-10-14,142,5,325,12,9,65,46
711,AW00011710,Zoe Ramirez,58,50 and above,New,2013-12-12,140,2,98,3,3,49,98
712,AW00011711,Daniel Davis,52,50 and above,New,2014-01-26,139,27,1104,55,27,40,100
713,AW00011712,Shelby Rogers,57,50 and above,New,2013-10-29,142,5,128,8,8,25,16
714,AW00011713,Kyle Zhang,58,50 and above,New,2013-11-21,141,2,192,6,6,96,48
715,AW00011714,Alexandria Long,57,50 and above,New,2013-05-14,147,2,94,3,3,47,31
716,AW00011715,Chloe Robinson,57,50 and above,New,2013-12-30,140,2,144,4,4,72,144
717,AW00011716,Evan Kelly,58,50 and above,New,2014-01-13,139,2,96,4,4,48,12
718,AW00011717,Marcus Jones,53,50 and above,New,2013-12-28,140,2,193,5,5,96,27
719,AW00011718,Sarah Jones,53,50 and above,New,2013-03-21,149,2,100,4,4,50,100
720,AW00011719,Blake Green,54,50 and above,New,2013-09-20,143,5,286,11,10,57,57
721,AW00011720,Morgan Morris,60,50 and above,New,2013-07-24,145,2,118,6,6,59,59
722,AW00011721,Jennifer Alexander,54,50 and above,New,2013-10-17,142,2,105,5,5,52,26
723,AW00011722,Julian Hughes,60,50 and above,New,2013-11-09,141,2,153,5,5,76,38
724,AW00011723,Luke Coleman,52,50 and above,Regular,2014-01-03,139,5,193,9,8,38,16
725,AW00011724,Jason Carter,53,50 and above,New,2013-12-14,140,5,210,13,11,42,21
726,AW00011725,Jose Li,52,50 and above,New,2013-05-02,147,2,124,5,5,62,124
727,AW00011726,Micah Liang,52,50 and above,New,2013-12-07,140,2,224,7,7,112,112
728,AW00011727,Benjamin Taylor,52,50 and above,VIP,2013-05-04,147,2,5962,4,4,2981,313
729,AW00011728,Logan White,60,50 and above,New,2013-11-06,141,2,110,4,4,55,22
730,AW00011729,Caleb Campbell,54,50 and above,New,2014-01-11,139,2,160,5,5,80,26
731,AW00011730,Emma Torres,59,50 and above,New,2014-01-08,139,2,134,5,4,67,16
732,AW00011731,Tanya Gill,59,50 and above,New,2013-08-04,144,2,121,5,5,60,24
733,AW00011732,Erick Sanchez,55,50 and above,New,2013-08-15,144,2,174,5,5,87,87
734,AW00011733,Kristi Schmidt,55,50 and above,New,2014-01-07,139,2,195,4,4,97,195
735,AW00011734,Omar Chen,55,50 and above,New,2013-07-07,145,2,136,4,4,68,136
736,AW00011735,Sydney Gray,61,50 and above,New,2013-12-22,140,2,110,4,4,55,11
737,AW00011736,Sebastian Sanchez,55,50 and above,New,2013-12-04,140,2,166,5,5,83,83
738,AW00011737,Megan Martin,55,50 and above,New,2013-07-17,145,2,77,4,4,38,15
739,AW00011738,Elijah Alexander,55,50 and above,New,2013-12-27,140,5,330,13,12,66,33
740,AW00011739,Aaron King,61,50 and above,New,2013-04-16,148,2,4758,6,6,2379,1586
741,AW00011740,Jan Hall,61,50 and above,New,2014-01-18,139,5,384,14,12,76,38
742,AW00011741,Tamara Chander,60,50 and above,VIP,2013-02-20,150,2,6079,4,4,3039,379
743,AW00011742,Edward Lewis,61,50 and above,VIP,2013-05-22,147,2,5915,5,5,2957,311
744,AW00011743,Chase Kelly,51,50 and above,VIP,2013-05-16,147,2,5898,2,2,2949,310
745,AW00011744,Stephanie Campbell,61,50 and above,New,2013-08-27,144,2,72,3,3,36,18
746,AW00011745,Allison Gonzalez,61,50 and above,VIP,2013-05-04,147,2,5948,5,5,2974,313
747,AW00011746,Seth Brooks,61,50 and above,New,2013-11-09,141,2,77,4,4,38,7
748,AW00011747,Destiny Davis,62,50 and above,New,2013-10-13,142,2,116,4,4,58,58
749,AW00011748,Blake Hill,61,50 and above,New,2013-11-01,141,5,132,8,7,26,26
750,AW00011749,Eduardo Jackson,45,40-49,New,2013-12-31,140,3,48,4,4,16,6
751,AW00011750,Latoya She,41,40-49,VIP,2013-10-01,142,3,8148,6,6,2716,301
752,AW00011751,Victoria Gonzales,49,40-49,VIP,2013-07-17,145,3,8215,6,6,2738,342
753,AW00011752,Lauren Bryant,44,40-49,New,2013-12-06,140,3,138,8,8,46,13
754,AW00011753,Felicia Ortega,50,50 and above,New,2013-10-15,142,3,48,4,4,16,8
755,AW00011754,Janet Ortega,49,40-49,VIP,2013-07-30,145,3,8163,5,5,2721,340
756,AW00011755,Willie Pal,52,50 and above,New,2013-08-17,144,3,46,5,4,15,15
757,AW00011756,Linda Ortega,51,50 and above,VIP,2013-10-25,142,3,8078,6,6,2692,299
758,AW00011757,Vincent Cai,46,40-49,New,2013-11-27,141,3,57,5,4,19,6
759,AW00011758,Colin Yuan,46,40-49,New,2013-11-24,141,3,57,5,4,19,7
760,AW00011759,Dawn Nath,45,40-49,VIP,2013-07-09,145,3,8054,3,3,2684,335
761,AW00011760,Melody Moreno,52,50 and above,New,2013-11-19,141,3,275,9,9,91,34
762,AW00011761,Edgar Mehta,53,50 and above,VIP,2013-07-29,145,3,8149,8,8,2716,354
763,AW00011762,Randall Gomez,41,40-49,VIP,2013-07-06,145,3,8228,7,7,2742,357
764,AW00011763,Ross Fernandez,53,50 and above,New,2013-11-12,141,3,76,7,6,25,7
765,AW00011764,Jessie Ramos,52,50 and above,VIP,2013-07-07,145,3,8129,6,6,2709,369
766,AW00011765,Marc Torres,42,40-49,VIP,2013-07-26,145,3,8143,5,5,2714,370
767,AW00011766,Candace Raman,53,50 and above,VIP,2013-07-10,145,3,8280,11,11,2760,376
768,AW00011767,Meagan Madan,48,40-49,VIP,2013-07-12,145,3,8319,7,7,2773,378
769,AW00011768,Clayton Nara,42,40-49,VIP,2013-07-14,145,3,8139,4,4,2713,369
770,AW00011769,Haley Hernandez,46,40-49,New,2013-09-18,143,5,478,17,14,95,95
771,AW00011770,Peter Nara,46,40-49,New,2013-10-21,142,2,77,4,4,38,38
772,AW00011771,Isaac Rivera,46,40-49,New,2013-07-24,145,2,94,3,3,47,23
773,AW00011772,Cameron Moore,41,40-49,VIP,2013-05-15,147,2,5913,4,4,2956,311
774,AW00011773,Gavin Diaz,46,40-49,VIP,2013-04-30,148,2,5984,4,4,2992,332
775,AW00011774,Emma Sanchez,47,40-49,VIP,2013-06-13,146,2,5900,3,3,2950,295
776,AW00011775,Sierra Roberts,NULL,50 and above,VIP,2013-06-03,146,2,5913,4,4,2956,295
777,AW00011776,Seth Mitchell,47,40-49,VIP,2013-06-03,146,2,6079,4,4,3039,303
778,AW00011777,Miranda Long,47,40-49,VIP,2013-06-22,146,2,5915,5,5,2957,295
779,AW00011778,Haley Henderson,49,40-49,VIP,2013-06-29,146,2,5873,2,2,2936,293
780,AW00011779,Sarah Jackson,48,40-49,VIP,2013-06-23,146,2,5873,2,2,2936,293
781,AW00011780,Jessica Alexander,48,40-49,VIP,2013-06-18,146,2,5973,5,5,2986,298
782,AW00011781,Carlos Gray,49,40-49,New,2013-12-09,140,2,134,5,5,67,14
783,AW00011782,Barbara Jai,43,40-49,New,2013-09-16,143,2,151,6,6,75,151
784,AW00011783,Sara Mitchell,43,40-49,New,2013-05-11,147,2,110,4,3,55,55
785,AW00011784,Jose Turner,47,40-49,New,2013-12-17,140,5,272,12,9,54,34
786,AW00011785,Theodore Diaz,42,40-49,New,2013-08-31,144,2,75,3,3,37,18
787,AW00011786,Ian Murphy,47,40-49,New,2014-01-23,139,2,127,4,3,63,127
788,AW00011787,Jerry Nath,47,40-49,New,2013-11-05,141,2,110,4,3,55,110
789,AW00011788,Destiny James,48,40-49,New,2013-08-20,144,2,255,5,5,127,85
790,AW00011789,Bailey Phillips,44,40-49,New,2013-04-28,148,2,72,3,3,36,72
791,AW00011790,Timothy Gonzalez,44,40-49,New,2013-05-22,147,2,147,5,5,73,73
792,AW00011791,Chase Morgan,50,50 and above,New,2013-12-01,140,2,120,3,3,60,40
793,AW00011792,Alexia Perry,51,50 and above,New,2013-06-30,146,2,120,3,3,60,120
794,AW00011793,Xavier Rogers,45,40-49,New,2013-02-10,150,2,102,4,4,51,102
795,AW00011794,Lauren Ross,50,50 and above,New,2014-01-28,139,2,77,4,4,38,38
796,AW00011795,Nicole Thomas,51,50 and above,New,2013-11-25,141,2,75,3,3,37,18
797,AW00011796,Isabel Jenkins,40,40-49,VIP,2013-05-30,147,2,5995,7,7,2997,315
798,AW00011797,Devin Coleman,45,40-49,VIP,2013-06-29,146,2,5972,6,6,2986,298
799,AW00011798,Brendan Chande,51,50 and above,VIP,2013-06-11,146,2,5953,3,3,2976,297
800,AW00011799,Jessie Wang,45,40-49,VIP,2013-06-09,146,2,5921,5,5,2960,296
801,AW00011800,Jennifer Baker,50,50 and above,New,2013-08-13,144,2,77,4,4,38,77
802,AW00011801,Aaron Sharma,50,50 and above,New,2013-12-31,140,2,87,3,3,43,87
803,AW00011802,Madison Taylor,48,40-49,New,2013-12-01,140,5,214,12,10,42,21
804,AW00011803,Jan Hernandez,48,40-49,New,2013-11-23,141,2,230,6,6,115,57
805,AW00011804,Haley Turner,49,40-49,New,2013-08-12,144,2,134,5,5,67,44
806,AW00011805,Richard Green,49,40-49,New,2013-11-05,141,2,129,4,4,64,18
807,AW00011806,Jennifer Stewart,43,40-49,New,2013-10-03,142,2,96,4,4,48,12
808,AW00011807,Lucas Baker,48,40-49,New,2013-09-12,143,2,153,5,5,76,30
809,AW00011808,James Parker,51,50 and above,New,2013-10-25,142,5,609,14,12,121,87
810,AW00011809,Juan Gray,52,50 and above,VIP,2013-06-10,146,2,5929,4,4,2964,296
811,AW00011810,Antonio Washington,47,40-49,VIP,2013-06-24,146,2,5973,5,5,2986,298
812,AW00011811,Abigail Brooks,47,40-49,VIP,2013-06-17,146,2,5898,2,2,2949,294
813,AW00011812,Andrew Rodriguez,52,50 and above,VIP,2013-06-18,146,2,5900,3,3,2950,295
814,AW00011813,Mary Patterson,52,50 and above,VIP,2013-06-28,146,2,5953,3,3,2976,297
815,AW00011814,Dalton Morgan,49,40-49,New,2013-09-08,143,2,101,5,5,50,33
816,AW00011815,Hannah Patterson,44,40-49,VIP,2013-02-24,150,2,5948,5,5,2974,371
817,AW00011816,Joe Torres,44,40-49,VIP,2013-02-20,150,2,5933,3,3,2966,370
818,AW00011817,Morgan Miller,44,40-49,VIP,2013-02-12,150,2,5898,2,2,2949,368
819,AW00011818,Daniel Garcia,50,50 and above,VIP,2013-01-30,151,2,5954,5,5,2977,396
820,AW00011819,Jose Lal,52,50 and above,New,2014-01-16,139,2,96,4,4,48,8
821,AW00011820,Katelyn Lopez,48,40-49,New,2013-12-06,140,5,232,10,9,46,23
822,AW00011821,Austin Johnson,54,50 and above,New,2013-09-03,143,2,151,7,7,75,75
823,AW00011822,Rohinton Wadia,54,50 and above,New,2013-08-26,144,2,87,3,3,43,29
824,AW00011823,Morgan Turner,48,40-49,New,2014-01-23,139,5,263,16,11,52,32
825,AW00011824,Jill Martin,48,40-49,New,2014-01-09,139,5,240,11,10,48,24
826,AW00011825,Aimee She,54,50 and above,VIP,2013-02-12,150,2,5900,3,3,2950,368
827,AW00011826,Jessie Alonso,54,50 and above,VIP,2013-02-15,150,2,5898,2,2,2949,368
828,AW00011827,Sara Baker,45,40-49,New,2013-12-09,140,5,511,15,12,102,51
829,AW00011828,Katherine Martinez,45,40-49,New,2013-04-19,148,2,94,3,3,47,94
830,AW00011829,Sophia Campbell,50,50 and above,New,2013-06-21,146,2,131,6,6,65,43
831,AW00011830,Taylor Garcia,51,50 and above,VIP,2013-01-30,151,2,5930,4,4,2965,370
832,AW00011831,Christian Ross,50,50 and above,VIP,2013-02-10,150,2,5933,3,3,2966,370
833,AW00011832,Zoe Murphy,49,40-49,New,2013-09-09,143,2,125,4,4,62,17
834,AW00011833,Oscar Price,43,40-49,New,2013-11-28,141,5,240,11,11,48,48
835,AW00011834,Fernando Flores,43,40-49,VIP,2013-02-13,150,2,5908,3,3,2954,369
836,AW00011835,Elijah Russell,55,50 and above,New,2013-05-18,147,2,4772,7,7,2386,1193
837,AW00011836,Garrett Travers,55,50 and above,New,2013-04-22,148,2,70,2,2,35,70
838,AW00011837,Haley Alexander,49,40-49,VIP,2013-02-20,150,2,5923,5,5,2961,370
839,AW00011838,Justin Rodriguez,55,50 and above,New,2013-08-28,144,2,135,6,6,67,45
840,AW00011839,Tyler Brown,49,40-49,VIP,2013-06-12,146,2,5955,4,4,2977,297
841,AW00011840,Julian Patterson,49,40-49,New,2013-05-04,147,2,87,3,3,43,87
842,AW00011841,Sean Nelson,56,50 and above,New,2013-11-06,141,5,307,13,10,61,51
843,AW00011842,Justin Wilson,55,50 and above,New,2013-12-04,140,2,99,4,4,49,14
844,AW00011843,Christy Nara,50,50 and above,New,2013-03-08,149,2,116,5,5,58,116
845,AW00011844,Michele Alvarez,56,50 and above,New,2014-01-11,139,2,125,4,4,62,41
846,AW00011845,Natalie Jones,95,50 and above,New,2013-12-09,140,4,197,11,8,49,19
847,AW00011846,Savannah Reed,56,50 and above,New,2013-07-10,145,2,85,2,2,42,28
848,AW00011847,Cassidy Diaz,55,50 and above,New,2013-11-15,141,2,125,4,4,62,25
849,AW00011848,Joshua Lewis,50,50 and above,New,2013-12-06,140,2,92,4,4,46,18
850,AW00011849,Faith Reed,55,50 and above,New,2014-01-11,139,2,258,5,5,129,129
851,AW00011850,Brooke Ramirez,45,40-49,New,2013-06-03,146,2,149,5,5,74,74
852,AW00011851,Jada Mitchell,56,50 and above,New,2013-12-05,140,2,85,2,2,42,14
853,AW00011852,Kyle Russell,56,50 and above,New,2013-09-02,143,2,125,4,4,62,62
854,AW00011853,Grace Jones,46,40-49,New,2013-06-20,146,2,90,3,3,45,90
855,AW00011854,Jason Mitchell,52,50 and above,VIP,2013-06-15,146,2,5985,8,8,2992,299
856,AW00011855,Christian Walker,51,50 and above,New,2013-09-11,143,2,90,3,3,45,18
857,AW00011856,Seth Hernandez,56,50 and above,New,2013-12-31,140,2,134,5,5,67,134
858,AW00011857,Isabella Young,51,50 and above,New,2013-12-05,140,2,125,4,4,62,62
859,AW00011858,Jordan Coleman,57,50 and above,New,2013-07-12,145,2,85,2,2,42,21
860,AW00011859,Blake Garcia,57,50 and above,New,2013-12-01,140,2,72,3,3,36,9
861,AW00011860,Nicole Walker,58,50 and above,New,2013-11-12,141,2,70,2,2,35,17
862,AW00011861,Katherine Carter,58,50 and above,New,2013-12-22,140,5,287,13,11,57,41
863,AW00011862,Olivia Peterson,53,50 and above,New,2013-10-23,142,2,209,5,5,104,41
864,AW00011863,Jessica Wood,58,50 and above,New,2013-09-04,143,2,48,3,3,24,48
865,AW00011864,Elizabeth Thompson,58,50 and above,New,2013-06-06,146,2,48,3,3,24,16
866,AW00011865,Chloe Rivera,59,50 and above,New,2013-10-06,142,2,115,4,4,57,14
867,AW00011866,Lucas Scott,59,50 and above,New,2013-04-27,148,2,43,2,2,21,21
868,AW00011867,Nathaniel James,54,50 and above,New,2013-10-23,142,2,83,4,4,41,20
869,AW00011868,Jessica Peterson,52,50 and above,New,2013-12-17,140,5,248,11,10,49,24
870,AW00011869,Kaitlyn Adams,41,40-49,New,2014-01-16,139,5,268,14,12,53,26
871,AW00011870,Jillian Garcia,47,40-49,New,2014-01-17,139,2,242,5,5,121,40
872,AW00011871,Dalton Bennett,47,40-49,New,2013-05-29,147,2,70,2,2,35,23
873,AW00011872,Faith Patterson,47,40-49,VIP,2013-06-25,146,2,5948,5,5,2974,297
874,AW00011873,Ryan Zhang,53,50 and above,VIP,2013-06-06,146,2,5923,5,5,2961,296
875,AW00011874,Adrian Bell,47,40-49,New,2014-01-18,139,2,72,5,5,36,12
876,AW00011875,Jonathan Brown,59,50 and above,New,2014-01-27,139,5,292,11,10,58,32
877,AW00011876,Madison White,59,50 and above,New,2013-09-24,143,2,83,4,4,41,27
878,AW00011877,Alexis Diaz,59,50 and above,New,2013-12-28,140,2,43,2,2,21,21
879,AW00011878,Christine Nara,54,50 and above,New,2013-12-12,140,2,83,4,4,41,83
880,AW00011879,Edgar Sai,54,50 and above,New,2013-11-02,141,2,107,5,5,53,11
881,AW00011880,Melissa Sanchez,60,50 and above,New,2013-11-03,141,2,50,4,4,25,7
882,AW00011881,Richard Mitchell,60,50 and above,New,2013-12-17,140,2,149,7,7,74,149
883,AW00011882,Patrick Stewart,50,50 and above,New,2013-07-12,145,2,48,3,3,24,9
884,AW00011883,Hannah Anderson,60,50 and above,New,2013-11-14,141,2,77,4,4,38,8
885,AW00011884,Latoya Shen,55,50 and above,New,2013-12-29,140,2,110,4,3,55,11
886,AW00011885,Kurt Sharma,55,50 and above,VIP,2013-02-04,150,2,5900,3,3,2950,368
887,AW00011886,Katelyn Parker,62,50 and above,VIP,2013-06-17,146,2,5897,4,4,2948,294
888,AW00011887,Joseph White,62,50 and above,New,2013-06-27,146,2,83,4,4,41,83
889,AW00011888,Aaron Ross,56,50 and above,New,2013-03-18,149,1,2377,3,3,2377,2377
890,AW00011889,Blake Patterson,62,50 and above,New,2013-03-04,149,2,50,4,4,25,50
891,AW00011890,Whitney Lopez,61,50 and above,New,2013-07-05,145,2,130,6,6,65,32
892,AW00011891,Jamie Liang,56,50 and above,New,2013-06-30,146,2,110,4,4,55,36
893,AW00011892,Julio Ortega,50,50 and above,VIP,2013-07-22,145,3,8119,5,5,2706,369
894,AW00011893,Orlando Carlson,51,50 and above,VIP,2013-07-23,145,3,8123,5,5,2707,353
895,AW00011894,Ann Gonzalez,45,40-49,VIP,2013-07-06,145,3,8223,9,9,2741,373
896,AW00011895,Dustin Chander,50,50 and above,VIP,2013-07-25,145,3,8149,5,5,2716,370
897,AW00011896,Frank Carlson,50,50 and above,VIP,2013-07-11,145,3,8118,6,6,2706,369
898,AW00011897,Orlando Ashe,51,50 and above,VIP,2013-10-14,142,3,8203,6,5,2734,315
899,AW00011898,Angela Henderson,50,50 and above,VIP,2013-07-23,145,3,8179,6,6,2726,371
900,AW00011899,Brenda Perez,49,40-49,VIP,2013-07-08,145,3,8189,7,7,2729,372
901,AW00011900,Byron Carlson,44,40-49,VIP,2013-07-11,145,3,8257,7,7,2752,375
902,AW00011901,Stacy Alvarez,52,50 and above,VIP,2013-11-09,141,3,8248,7,6,2749,317
903,AW00011902,Drew Pal,53,50 and above,New,2013-12-29,140,3,62,6,5,20,6
904,AW00011903,Kate Raji,40,40-49,VIP,2013-07-13,145,3,8108,4,4,2702,368
905,AW00011904,Kaylee Cook,39,30-39,VIP,2013-07-01,145,3,8214,7,7,2738,373
906,AW00011905,Isaiah Ramirez,51,50 and above,VIP,2013-07-06,145,3,8156,7,7,2718,354
907,AW00011906,Gabriella Sanders,53,50 and above,VIP,2013-07-12,145,3,8151,7,7,2717,370
908,AW00011907,Sarah Garcia,52,50 and above,VIP,2013-07-20,145,3,8135,5,5,2711,369
909,AW00011908,Rafael Tang,53,50 and above,VIP,2013-08-23,144,3,8079,3,3,2693,351
910,AW00011909,Nichole She,54,50 and above,VIP,2013-08-01,144,3,8105,7,7,2701,352
911,AW00011910,Jaclyn Zheng,54,50 and above,VIP,2013-08-03,144,3,8113,5,5,2704,368
912,AW00011911,Rachael Kapoor,53,50 and above,New,2013-12-21,140,3,62,4,4,20,10
913,AW00011912,Rachael Sai,NULL,50 and above,VIP,2013-11-22,141,3,8095,6,6,2698,323
914,AW00011913,Rebecca Robinson,55,50 and above,New,2013-12-26,140,3,41,4,4,13,41
915,AW00011914,Meagan Rana,46,40-49,VIP,2013-08-23,144,3,8166,8,8,2722,371
916,AW00011915,Philip Carlson,NULL,50 and above,VIP,2013-08-24,144,3,8143,8,7,2714,370
917,AW00011916,Joe Rana,49,40-49,VIP,2013-08-21,144,3,8179,7,7,2726,371
918,AW00011917,Roy Sanz,54,50 and above,VIP,2013-08-19,144,3,8121,6,6,2707,369
919,AW00011918,Kaylee Hill,56,50 and above,VIP,2013-11-25,141,3,8205,8,8,2735,328
920,AW00011919,Warren Andersen,56,50 and above,VIP,2013-12-21,140,3,8172,8,8,2724,314
921,AW00011920,Adrienne Gomez,50,50 and above,VIP,2013-12-11,140,3,8156,7,7,2718,313
922,AW00011921,Gilbert Zhu,55,50 and above,New,2013-11-23,141,3,63,5,5,21,31
923,AW00011922,James Davis,40,40-49,New,2013-10-23,142,5,276,12,10,55,34
924,AW00011923,Sarah Bryant,40,40-49,New,2014-01-09,139,2,43,2,2,21,3
925,AW00011924,Ian Long,40,40-49,VIP,2013-06-19,146,2,5897,5,5,2948,294
926,AW00011925,Ashlee Jai,41,40-49,VIP,2013-06-19,146,2,5968,5,5,2984,298
927,AW00011926,Eduardo Foster,42,40-49,New,2013-06-18,146,2,48,3,3,24,48
928,AW00011927,Nicole Murphy,41,40-49,New,2014-01-28,139,2,52,3,3,26,52
929,AW00011928,Isabella Morris,41,40-49,New,2013-12-13,140,2,48,3,3,24,6
930,AW00011929,Virginia Gonzalez,63,50 and above,Regular,2013-12-17,140,3,4965,8,7,1655,190
931,AW00011930,Jaclyn Nara,73,50 and above,VIP,2013-12-16,140,3,5035,5,5,1678,193
932,AW00011931,Marcus Adams,41,40-49,New,2013-11-03,141,2,234,7,7,117,26
933,AW00011932,Elizabeth Coleman,41,40-49,New,2013-07-25,145,2,136,6,6,68,45
934,AW00011933,Mathew Rubio,43,40-49,VIP,2013-06-27,146,2,5933,3,3,2966,296
935,AW00011934,Justin Shan,42,40-49,VIP,2013-06-10,146,2,5994,5,5,2997,315
936,AW00011935,Jessica Taylor,42,40-49,New,2013-06-06,146,1,35,1,1,35,35
937,AW00011936,Hunter Clark,43,40-49,New,2013-04-05,148,1,42,3,3,42,42
938,AW00011937,Devin Perez,43,40-49,VIP,2013-07-02,145,2,5888,4,4,2944,280
939,AW00011938,Seth Alexander,42,40-49,New,2014-01-09,139,2,43,2,2,21,4
940,AW00011939,Kevin Washington,43,40-49,VIP,2013-06-19,146,2,5977,5,5,2988,314
941,AW00011940,Tyler Miller,42,40-49,New,2013-12-25,140,2,70,2,2,35,17
942,AW00011941,Adam Roberts,43,40-49,New,2013-11-02,141,2,109,5,5,54,36
943,AW00011942,George Gonzalez,71,50 and above,Regular,2013-12-19,140,3,4827,8,6,1609,185
944,AW00011943,Dawn Huang,71,50 and above,Regular,2013-12-13,140,3,4734,7,7,1578,182
945,AW00011944,Rachael Rodriguez,69,50 and above,Regular,2013-12-20,140,3,4776,9,8,1592,183
946,AW00011945,Dennis Huang,39,30-39,VIP,2013-09-28,143,2,5910,4,4,2955,256
947,AW00011946,Brandy Saunders,69,50 and above,Regular,2013-12-22,140,3,4697,5,5,1565,180
948,AW00011947,Jenny Zheng,68,50 and above,Regular,2013-12-27,140,3,4747,6,6,1582,182
949,AW00011948,Tasha Xu,69,50 and above,New,2013-10-06,142,2,82,4,4,41,82
950,AW00011949,Julia Brooks,39,30-39,New,2013-09-24,143,2,70,2,2,35,35
951,AW00011950,Jordan Carter,40,40-49,New,2013-11-07,141,2,110,4,4,55,12
952,AW00011951,Lacey Huang,67,50 and above,New,2013-11-12,141,3,63,8,6,21,21
953,AW00011952,Dorothy Robinson,65,50 and above,VIP,2013-08-07,144,3,8169,7,7,2723,371
954,AW00011953,Courtney Wright,44,40-49,New,2013-09-16,143,2,65,6,6,32,9
955,AW00011954,Joseph Garcia,44,40-49,VIP,2013-06-18,146,2,5910,4,4,2955,311
956,AW00011955,Gabriel Green,45,40-49,VIP,2013-06-28,146,2,5953,3,3,2976,297
957,AW00011956,Alexandria Sandberg,40,40-49,VIP,2013-06-01,146,2,5873,2,2,2936,293
958,AW00011957,Courtney Hernandez,46,40-49,New,2014-01-08,139,2,91,6,6,45,8
959,AW00011958,Dylan Lal,47,40-49,New,2013-11-10,141,2,160,5,5,80,32
960,AW00011959,Elizabeth Davis,47,40-49,New,2013-11-10,141,2,139,4,4,69,17
961,AW00011960,Ana Griffin,47,40-49,New,2013-07-28,145,2,75,3,3,37,18
962,AW00011961,Anne Alvarez,47,40-49,New,2013-10-08,142,2,72,3,3,36,9
963,AW00011962,Alexandra Roberts,43,40-49,New,2013-08-16,144,2,103,4,4,51,103
964,AW00011963,Antonio Patterson,65,50 and above,VIP,2013-08-23,144,3,8068,5,5,2689,366
965,AW00011964,Sharon Salavaria,58,50 and above,VIP,2013-08-09,144,3,8173,6,6,2724,371
966,AW00011965,Katie She,63,50 and above,New,2013-12-01,140,3,118,6,6,39,11
967,AW00011966,Rafael Black,58,50 and above,New,2013-12-18,140,3,55,4,4,18,55
968,AW00011967,Latasha Munoz,63,50 and above,VIP,2013-08-07,144,3,8153,6,6,2717,370
969,AW00011968,Kelsey Becker,61,50 and above,VIP,2013-08-17,144,3,8079,3,3,2693,367
970,AW00011969,Randy Xu,61,50 and above,VIP,2013-08-16,144,3,8173,6,6,2724,371
971,AW00011970,Bailey Collins,41,40-49,New,2013-09-21,143,2,110,4,3,55,27
972,AW00011971,Amanda Adams,46,40-49,New,2013-11-25,141,2,134,5,5,67,19
973,AW00011972,Katherine Williams,46,40-49,New,2013-12-22,140,2,65,6,6,32,65
974,AW00011973,Caroline Barnes,46,40-49,New,2013-03-10,149,2,89,5,5,44,89
975,AW00011974,Randy Sun,46,40-49,New,2013-12-05,140,2,113,6,6,56,56
976,AW00011975,Destiny Garcia,45,40-49,New,2013-10-14,142,2,209,6,6,104,69
977,AW00011976,Audrey Ramos,55,50 and above,VIP,2013-08-25,144,3,8087,6,6,2695,367
978,AW00011977,Bonnie Jai,61,50 and above,VIP,2013-08-15,144,3,8213,8,8,2737,391
979,AW00011978,Jackson Washington,48,40-49,New,2013-11-13,141,2,75,3,3,37,8
980,AW00011979,Christopher Johnson,63,50 and above,New,2013-05-08,147,2,4814,8,8,2407,1604
981,AW00011980,Kimberly Richardson,62,50 and above,New,2013-11-28,141,2,108,5,5,54,54
982,AW00011981,Alexandria Howard,63,50 and above,New,2014-01-28,139,2,120,6,6,60,13
983,AW00011982,Alexandra Foster,63,50 and above,New,2013-10-02,142,2,105,5,5,52,52
984,AW00011983,Cheryl Ortega,57,50 and above,VIP,2013-02-21,150,2,5873,2,2,2936,391
985,AW00011984,Alex Campbell,63,50 and above,New,2013-05-06,147,2,4730,6,6,2365,1576
986,AW00011985,Melanie Hughes,62,50 and above,New,2014-01-05,139,2,90,3,3,45,8
987,AW00011986,Max Alvarez,56,50 and above,VIP,2013-08-27,144,3,8245,11,11,2748,392
988,AW00011987,Diane Vazquez,52,50 and above,New,2013-11-10,141,3,278,8,7,92,55
989,AW00011988,Kathryn Chapman,57,50 and above,VIP,2013-08-06,144,3,8078,6,6,2692,384
990,AW00011989,Kara Anand,41,40-49,VIP,2013-08-06,144,3,8140,5,5,2713,387
991,AW00011990,Joanna Vazquez,57,50 and above,VIP,2013-08-22,144,3,8164,7,6,2721,388
992,AW00011991,Frederick Martinez,57,50 and above,VIP,2013-12-19,140,3,8128,6,6,2709,325
993,AW00011992,Tonya Chande,53,50 and above,VIP,2013-12-11,140,3,8123,5,5,2707,324
994,AW00011993,Rosa Wang,48,40-49,VIP,2013-12-23,140,3,8131,7,7,2710,325
995,AW00011994,Leah Hu,48,40-49,VIP,2013-08-23,144,3,8169,5,5,2723,389
996,AW00011995,Kelvin Carson,60,50 and above,VIP,2013-12-10,140,3,8249,7,7,2749,329
997,AW00011996,Veronica Srini,59,50 and above,VIP,2013-08-02,144,3,7059,11,10,2353,336
998,AW00011997,Kristina Kapoor,54,50 and above,VIP,2013-08-14,144,3,7030,7,7,2343,334
999,AW00011998,Donna Sharma,59,50 and above,VIP,2013-08-28,144,3,6962,7,7,2320,331
1000,AW00011999,Johnny Shan,60,50 and above,VIP,2013-08-02,144,3,7043,9,9,2347,335
